{
    "contracts": [
        {
            "order": 1,
            "address": "0x3987ACf2fAae45C0911514b3D23fB077991E870b",
            "name": "SafeMath",
            "costs": [
                {
                    "strategy": "tx-info",
                    "gasPrice": "4300000000",
                    "estimatedGas": 2500000,
                    "totalCost": "10750000000000000"
                }
            ],
            "data": {
                "sha3": {
                    "contract_address_0x3987ACf2fAae45C0911514b3D23fB077991E870b": "0x381e01c34da1b92a41b1c363a70fa1c7838e24bb62c238b486b7fa56bc753c0f",
                    "contract_name_SafeMath": "0xdc3793c2c9d813540981c8d5484a8b025e2c045125a97ad05c8c10ba7297f805"
                }
            }
        },
        {
            "order": 2,
            "address": "0xCf6E137531057434Ef32209331667EF23b777830",
            "name": "Bytes32ArrayLib",
            "costs": [
                {
                    "strategy": "estimation",
                    "gasPrice": "1000000000",
                    "estimatedGas": 74748,
                    "totalCost": "74748000000000"
                },
                {
                    "strategy": "tx-info",
                    "gasPrice": "4300000000",
                    "estimatedGas": 4000000,
                    "totalCost": "17200000000000000"
                },
                {
                    "strategy": "account-balance",
                    "totalCost": "321416400000000"
                }
            ],
            "data": {
                "sha3": {
                    "contract_address_0xCf6E137531057434Ef32209331667EF23b777830": "0xb4a9e007b9f58b7391dedadb3de1720aee9c1182218cb927d3605c22849bfef0",
                    "contract_name_Bytes32ArrayLib": "0x7df96775469990e143046bba967d7e3e43ddd41a4bbbd6574520e09643dbfcb3"
                }
            }
        },
        {
            "order": 3,
            "address": "0x80D879A811a49CC5F4EA37E063EE6159e1425550",
            "name": "Storage",
            "costs": [
                {
                    "strategy": "estimation",
                    "gasPrice": "1000000000",
                    "estimatedGas": 3790792,
                    "totalCost": "3790792000000000"
                },
                {
                    "strategy": "tx-info",
                    "gasPrice": "4300000000",
                    "estimatedGas": 4000000,
                    "totalCost": "17200000000000000"
                },
                {
                    "strategy": "account-balance",
                    "totalCost": "16300405600000000"
                }
            ],
            "data": {}
        },
        {
            "order": 4,
            "address": "0x1BB63BDe80a1150b1Ff1B07E73699B391B9b78d6",
            "name": "StablePayCommon",
            "costs": [
                {
                    "strategy": "estimation",
                    "gasPrice": "1000000000",
                    "estimatedGas": 68730,
                    "totalCost": "68730000000000"
                },
                {
                    "strategy": "tx-info",
                    "gasPrice": "4300000000",
                    "estimatedGas": 4000000,
                    "totalCost": "17200000000000000"
                },
                {
                    "strategy": "account-balance",
                    "totalCost": "295539000000000"
                }
            ],
            "data": {
                "sha3": {
                    "contract_address_0x1BB63BDe80a1150b1Ff1B07E73699B391B9b78d6": "0x0cee0055a3e95ff759f4c8f18eab2dce4d1a349f02eff2288b1408ec56e49375",
                    "contract_name_StablePayCommon": "0x1ebf094449b6e227330397b23824f7edd2e0e4be40de9b4ebbde1a858e0bf686"
                }
            }
        },
        {
            "order": 5,
            "address": "0x3D79ED0f8B17BA3069b50b034c5cb32379539681",
            "name": "AddressLib",
            "costs": [
                {
                    "strategy": "estimation",
                    "gasPrice": "1000000000",
                    "estimatedGas": 74748,
                    "totalCost": "74748000000000"
                },
                {
                    "strategy": "tx-info",
                    "gasPrice": "4300000000",
                    "estimatedGas": 4000000,
                    "totalCost": "17200000000000000"
                },
                {
                    "strategy": "account-balance",
                    "totalCost": "321416400000000"
                }
            ],
            "data": {
                "sha3": {
                    "contract_address_0x3D79ED0f8B17BA3069b50b034c5cb32379539681": "0x48261008c4134e68684eaa5c9dfa98949ac8024b98bc39cde798b7f48a4b5ec6",
                    "contract_name_AddressLib": "0xe914a67dfb2550e13e100ec4954bc8537f5e7c612633ef049c716a9b5f4fdd5b"
                }
            }
        },
        {
            "order": 6,
            "address": "0x665E264E590A7F0BC0710C40C386251D5c3045e2",
            "name": "StablePayStorage",
            "costs": [
                {
                    "strategy": "estimation",
                    "gasPrice": "1000000000",
                    "estimatedGas": 2991116,
                    "totalCost": "2991116000000000"
                },
                {
                    "strategy": "tx-info",
                    "gasPrice": "4300000000",
                    "estimatedGas": 4000000,
                    "totalCost": "17200000000000000"
                },
                {
                    "strategy": "account-balance",
                    "totalCost": "12861798800000000"
                }
            ],
            "data": {
                "sha3": {
                    "contract_address_0x665E264E590A7F0BC0710C40C386251D5c3045e2": "0x460df98f12ecef650da409cd0df2c475d598cfd5602ba70f3ed78d77460bfb21",
                    "contract_name_StablePayStorage": "0x54216e0bfdbaae010d730807db0859789587b2d75b5bc30e41fbcc25e2afa817"
                }
            }
        },
        {
            "order": 7,
            "address": "0x0B2d2C339Ed6a66385462673bd435C85bD1f00bc",
            "name": "Settings",
            "costs": [
                {
                    "strategy": "estimation",
                    "gasPrice": "1000000000",
                    "estimatedGas": 2917583,
                    "totalCost": "2917583000000000"
                },
                {
                    "strategy": "tx-info",
                    "gasPrice": "4300000000",
                    "estimatedGas": 4000000,
                    "totalCost": "17200000000000000"
                },
                {
                    "strategy": "account-balance",
                    "totalCost": "12545606900000000"
                }
            ],
            "data": {
                "sha3": {
                    "contract_address_0x0B2d2C339Ed6a66385462673bd435C85bD1f00bc": "0x773140c7e16bd0fd6db312455c982c422ef3ea3668e5bd004b1316f513bda41f",
                    "contract_name_Settings": "0x6bddb7e5d94a344822123a7650e05c5d7e51cab49d726ea53fc4137d8dc62219"
                }
            }
        },
        {
            "order": 8,
            "address": "0x1C3b346bE4F0abbc1286f1A5D3D05D9aF155ed9E",
            "name": "Upgrade",
            "costs": [
                {
                    "strategy": "estimation",
                    "gasPrice": "1000000000",
                    "estimatedGas": 1118437,
                    "totalCost": "1118437000000000"
                },
                {
                    "strategy": "tx-info",
                    "gasPrice": "4300000000",
                    "estimatedGas": 2500000,
                    "totalCost": "10750000000000000"
                },
                {
                    "strategy": "account-balance",
                    "totalCost": "4809279100000000"
                }
            ],
            "data": {
                "sha3": {
                    "contract_address_0x1C3b346bE4F0abbc1286f1A5D3D05D9aF155ed9E": "0x89d3960e4092c295381017c9c772e66f04645c16f22646e1b0c1a744bd6d9a36",
                    "contract_name_Upgrade": "0x005e5accdbe6f191b6783f2ec58b0cb091c77cff3bfe85306d1923dbc9897e29"
                }
            }
        },
        {
            "order": 9,
            "address": "0xf87a5417Fa90cF476947ABD95ccfc3b12EC3BDB9",
            "name": "Role",
            "costs": [
                {
                    "strategy": "estimation",
                    "gasPrice": "1000000000",
                    "estimatedGas": 1661383,
                    "totalCost": "1661383000000000"
                },
                {
                    "strategy": "tx-info",
                    "gasPrice": "4300000000",
                    "estimatedGas": 4000000,
                    "totalCost": "17200000000000000"
                },
                {
                    "strategy": "account-balance",
                    "totalCost": "7143946900000000"
                }
            ],
            "data": {
                "sha3": {
                    "contract_address_0xf87a5417Fa90cF476947ABD95ccfc3b12EC3BDB9": "0x8b568a695db8ba477a9576cca36144b22029fbee2025bd353119398e0f57882d",
                    "contract_name_Role": "0x54b93001e57b9ef0e419bc050818d2d04a57b2128578528c6ac8bdb6f77ccb1a"
                }
            }
        },
        {
            "order": 10,
            "address": "0x0Ffd8E03802041E134dA0a3eE008D931065Bd81f",
            "name": "Vault",
            "costs": [
                {
                    "strategy": "estimation",
                    "gasPrice": "1000000000",
                    "estimatedGas": 1037354,
                    "totalCost": "1037354000000000"
                },
                {
                    "strategy": "tx-info",
                    "gasPrice": "4300000000",
                    "estimatedGas": 2500000,
                    "totalCost": "10750000000000000"
                },
                {
                    "strategy": "account-balance",
                    "totalCost": "4460622200000000"
                }
            ],
            "data": {
                "sha3": {
                    "contract_address_0x0Ffd8E03802041E134dA0a3eE008D931065Bd81f": "0x09050352e96bf2d72aae17b232db4e817c6226d5dcbd55a13d0545f6095303f7",
                    "contract_name_Vault": "0x3f9913607c56dd122a5487aa159215123f4ea2a58ab44a706b34f77d3a2d9496"
                }
            }
        },
        {
            "order": 11,
            "address": "0xD3fbDEa30117F7eeAC3f0103FfeE47b6541cFC93",
            "name": "StablePay",
            "costs": [
                {
                    "strategy": "estimation",
                    "gasPrice": "1000000000",
                    "estimatedGas": 3500731,
                    "totalCost": "3500731000000000"
                },
                {
                    "strategy": "tx-info",
                    "gasPrice": "4300000000",
                    "estimatedGas": 4000000,
                    "totalCost": "17200000000000000"
                },
                {
                    "strategy": "account-balance",
                    "totalCost": "15053143300000000"
                }
            ],
            "data": {
                "sha3": {
                    "contract_address_0xD3fbDEa30117F7eeAC3f0103FfeE47b6541cFC93": "0xc4be26a975d297355ef386d008c4694afcb469633ca4230078d5c86f8120a3a1",
                    "contract_name_StablePay": "0xd2a7e62852fc1bca1a55b40a7ba61a7c79b39da2d630e857be18ee9c420f9501"
                }
            }
        },
        {
            "order": 12,
            "address": "0x93D6E2b5DEb965e3e3B18992c0Fa7A52424123fa",
            "name": "ZeroxSwappingProvider",
            "costs": [
                {
                    "strategy": "estimation",
                    "gasPrice": "1000000000",
                    "estimatedGas": 1999326,
                    "totalCost": "1999326000000000"
                },
                {
                    "strategy": "tx-info",
                    "gasPrice": "4300000000",
                    "estimatedGas": 2500000,
                    "totalCost": "10750000000000000"
                },
                {
                    "strategy": "account-balance",
                    "totalCost": "8597101800000000"
                }
            ],
            "data": {
                "sha3": {
                    "contract_address_0x93D6E2b5DEb965e3e3B18992c0Fa7A52424123fa": "0x48abd70a2b2ea2f64dfb61efc8e7c36d506dcfe8333a4ee7d7044c846bceb1a6",
                    "contract_name_ZeroxSwappingProvider": "0xbf63462476bb1a1229af0924e8aeb336f708d15959d7a00ec0612126612d5491"
                }
            }
        },
        {
            "order": 13,
            "address": "0x91b59621e554597dD313a2aC86D103DA2505D6E7",
            "name": "KyberSwappingProvider",
            "costs": [
                {
                    "strategy": "estimation",
                    "gasPrice": "1000000000",
                    "estimatedGas": 1944408,
                    "totalCost": "1944408000000000"
                },
                {
                    "strategy": "tx-info",
                    "gasPrice": "4300000000",
                    "estimatedGas": 4000000,
                    "totalCost": "17200000000000000"
                },
                {
                    "strategy": "account-balance",
                    "totalCost": "8360954400000000"
                }
            ],
            "data": {
                "sha3": {
                    "contract_address_0x91b59621e554597dD313a2aC86D103DA2505D6E7": "0xc3db04cec6dbae62fdc36f2df049d7559d734de65f66dcd9c41b843c2c2ed957",
                    "contract_name_KyberSwappingProvider": "0xe507a280aa480a75afe4db41392069b727818782854515a4e0e9bf5e3841d64a"
                }
            }
        }
    ],
    "data": [
        {
            "key": "0x_v1",
            "value": "0x30785f7631000000000000000000000000000000000000000000000000000000"
        },
        {
            "key": "KyberNetwork_v1",
            "value": "0x4b796265724e6574776f726b5f76310000000000000000000000000000000000"
        },
        {
            "key": "contract.name_owner",
            "value": {
                "sha3": "0x08361c6ba4c5f78735409153b407c08f5f826327e0195533d47a89065efe2de0",
                "ownerAddress": "0x5AA2a57550a393Eef5a2025cc31F00cB7095B464"
            }
        },
        {
            "key": "access.role_owner_0x5AA2a57550a393Eef5a2025cc31F00cB7095B464",
            "value": {
                "sha3": "0xd907380fd730390a8c2ba2dd7794514a93027592dd8a890974d9bbe8e1c6378c",
                "value": true
            }
        },
        {
            "key": "contract.storage.initialised",
            "value": {
                "sha3": "0x1a655af42e38e46646ca444968abc315a08696908ac9b25256e67e1a25f98eb4",
                "value": true
            }
        },
        {
            "key": "config.platform.fee",
            "value": "100"
        },
        {
            "key": "Token_DAI_Kyber_0xaD6D458402F60fD3Bd25163575031ACDce07538D",
            "value": {
                "minAmount": "10000000000000000000",
                "maxAmount": "100000000000000000000"
            }
        }
    ]
}
