{
    "contracts": [
        {
            "order": 1,
            "address": "0x30D146b36Ca51F4fF78048aA5B183Ab9EEe6302c",
            "name": "SafeMath",
            "costs": [
                {
                    "strategy": "tx-info",
                    "gasPrice": "4000000000",
                    "estimatedGas": "0x2625a0",
                    "totalCost": "10000000000000000"
                }
            ],
            "data": {
                "sha3": {
                    "contract_address_0x30D146b36Ca51F4fF78048aA5B183Ab9EEe6302c": "0xb79d522f41fcfa209d24a65c6a61eab0abc6ab0118c122ea26f0fcc2b6805bfa",
                    "contract_name_SafeMath": "0xdc3793c2c9d813540981c8d5484a8b025e2c045125a97ad05c8c10ba7297f805"
                }
            }
        },
        {
            "order": 2,
            "address": "0x193a3a60c219D02770b16696232B1B26B3A59D05",
            "name": "Bytes32ArrayLib",
            "costs": [
                {
                    "strategy": "estimation",
                    "gasPrice": "1300000000",
                    "estimatedGas": 74876,
                    "totalCost": "97338800000000"
                },
                {
                    "strategy": "tx-info",
                    "gasPrice": "4000000000",
                    "estimatedGas": "0x5b8d80",
                    "totalCost": "24000000000000000"
                },
                {
                    "strategy": "account-balance",
                    "totalCost": "299504000000000"
                }
            ],
            "data": {
                "sha3": {
                    "contract_address_0x193a3a60c219D02770b16696232B1B26B3A59D05": "0xaf1c0be44db600dc6896c1f8a3f04357b81ed2d3a16b929b3d5e3c31db4cabd2",
                    "contract_name_Bytes32ArrayLib": "0x7df96775469990e143046bba967d7e3e43ddd41a4bbbd6574520e09643dbfcb3"
                }
            }
        },
        {
            "order": 3,
            "address": "0x346DE60Bbd1265E5553fD77F94bEf67788e266cd",
            "name": "Storage",
            "costs": [
                {
                    "strategy": "estimation",
                    "gasPrice": "1110000000",
                    "estimatedGas": 3819587,
                    "totalCost": "4239741570000000"
                },
                {
                    "strategy": "tx-info",
                    "gasPrice": "4000000000",
                    "estimatedGas": "0x5b8d80",
                    "totalCost": "24000000000000000"
                },
                {
                    "strategy": "account-balance",
                    "totalCost": "15278348000000000"
                }
            ],
            "data": {
                "sha3": {
                    "contract_address_0x346DE60Bbd1265E5553fD77F94bEf67788e266cd": "0xc74dc22d62d3d96e7a3986a6bed0937502aa8c181ccfdd46ccab81aa3c1890f3",
                    "contract_name_Storage": "0x6e39123e43811da52917b1beda4ea11f1ed2db73ab056499404648c3ced8af69"
                }
            }
        },
        {
            "order": 4,
            "address": "0x2a81cD221B2B4FC67359563392a69a51b7089BE6",
            "name": "StablePayCommon",
            "costs": [
                {
                    "strategy": "estimation",
                    "gasPrice": "1110000000",
                    "estimatedGas": 68922,
                    "totalCost": "76503420000000"
                },
                {
                    "strategy": "tx-info",
                    "gasPrice": "4000000000",
                    "estimatedGas": "0x5b8d80",
                    "totalCost": "24000000000000000"
                },
                {
                    "strategy": "account-balance",
                    "totalCost": "275688000000000"
                }
            ],
            "data": {
                "sha3": {
                    "contract_address_0x2a81cD221B2B4FC67359563392a69a51b7089BE6": "0xa133287d102643b800df7a70301e9613028c5de46c1b5d16b3294f9dfd6a4f6c",
                    "contract_name_StablePayCommon": "0x1ebf094449b6e227330397b23824f7edd2e0e4be40de9b4ebbde1a858e0bf686"
                }
            }
        },
        {
            "order": 5,
            "address": "0xD412D83AF56E02600d33fEB13189576bD9AbF47a",
            "name": "AddressLib",
            "costs": [
                {
                    "strategy": "estimation",
                    "gasPrice": "1110000000",
                    "estimatedGas": 74876,
                    "totalCost": "83112360000000"
                },
                {
                    "strategy": "tx-info",
                    "gasPrice": "4000000000",
                    "estimatedGas": "0x5b8d80",
                    "totalCost": "24000000000000000"
                },
                {
                    "strategy": "account-balance",
                    "totalCost": "299504000000000"
                }
            ],
            "data": {
                "sha3": {
                    "contract_address_0xD412D83AF56E02600d33fEB13189576bD9AbF47a": "0x068a517aa8c4acdaa53e227c38a7ea333879d733192472b9cb7adf8758c6c8b5",
                    "contract_name_AddressLib": "0xe914a67dfb2550e13e100ec4954bc8537f5e7c612633ef049c716a9b5f4fdd5b"
                }
            }
        },
        {
            "order": 6,
            "address": "0x13Aab54E805EA2998E45cE8a14eea02fCb65Cf11",
            "name": "StablePayStorage",
            "costs": [
                {
                    "strategy": "estimation",
                    "gasPrice": "1950000000",
                    "estimatedGas": 3200851,
                    "totalCost": "6241659450000000"
                },
                {
                    "strategy": "tx-info",
                    "gasPrice": "4000000000",
                    "estimatedGas": "0x5b8d80",
                    "totalCost": "24000000000000000"
                },
                {
                    "strategy": "account-balance",
                    "totalCost": "12803404000000000"
                }
            ],
            "data": {
                "sha3": {
                    "contract_address_0x13Aab54E805EA2998E45cE8a14eea02fCb65Cf11": "0xc4dd38cbd28394500b4b57e7e69a338f047e6832dee7c3cf6becc2db484706bf",
                    "contract_name_StablePayStorage": "0x54216e0bfdbaae010d730807db0859789587b2d75b5bc30e41fbcc25e2afa817"
                }
            }
        },
        {
            "order": 7,
            "address": "0x62AA1CBFaA53bda7a13cFF8d516848B4bF40dCB0",
            "name": "Settings",
            "costs": [
                {
                    "strategy": "estimation",
                    "gasPrice": "2000000000",
                    "estimatedGas": 2990369,
                    "totalCost": "5980738000000000"
                },
                {
                    "strategy": "tx-info",
                    "gasPrice": "4000000000",
                    "estimatedGas": "0x5b8d80",
                    "totalCost": "24000000000000000"
                },
                {
                    "strategy": "account-balance",
                    "totalCost": "11961476000000000"
                }
            ],
            "data": {
                "sha3": {
                    "contract_address_0x62AA1CBFaA53bda7a13cFF8d516848B4bF40dCB0": "0x29f5813322fb84e75f34fd5c0f1bfb36f353d17ed914b27e44177866217ba941",
                    "contract_name_Settings": "0x6bddb7e5d94a344822123a7650e05c5d7e51cab49d726ea53fc4137d8dc62219"
                }
            }
        },
        {
            "order": 8,
            "address": "0xDbc0811891Ff6601a7a52efE6340DBA9CDdD3e85",
            "name": "Upgrade",
            "costs": [
                {
                    "strategy": "estimation",
                    "gasPrice": "2000000000",
                    "estimatedGas": 1343817,
                    "totalCost": "2687634000000000"
                },
                {
                    "strategy": "tx-info",
                    "gasPrice": "4000000000",
                    "estimatedGas": "0x5b8d80",
                    "totalCost": "24000000000000000"
                },
                {
                    "strategy": "account-balance",
                    "totalCost": "5375268000000000"
                }
            ],
            "data": {
                "sha3": {
                    "contract_address_0xDbc0811891Ff6601a7a52efE6340DBA9CDdD3e85": "0xe84f6c3660edc47f45cd55fbd54764958fa7ce2743e29b04b992ad089d4c59ca",
                    "contract_name_Upgrade": "0x005e5accdbe6f191b6783f2ec58b0cb091c77cff3bfe85306d1923dbc9897e29"
                }
            }
        },
        {
            "order": 9,
            "address": "0x3c4b600467B4C38021dbf35530e983fE8818097A",
            "name": "Role",
            "costs": [
                {
                    "strategy": "estimation",
                    "gasPrice": "2000000000",
                    "estimatedGas": 2238010,
                    "totalCost": "4476020000000000"
                },
                {
                    "strategy": "tx-info",
                    "gasPrice": "4000000000",
                    "estimatedGas": "0x5b8d80",
                    "totalCost": "24000000000000000"
                },
                {
                    "strategy": "account-balance",
                    "totalCost": "8952040000000000"
                }
            ],
            "data": {
                "sha3": {
                    "contract_address_0x3c4b600467B4C38021dbf35530e983fE8818097A": "0xf79498e8438476729e1ef3780812d2a1c5882eecdd0ef3656fc75f6a3587f239",
                    "contract_name_Role": "0x54b93001e57b9ef0e419bc050818d2d04a57b2128578528c6ac8bdb6f77ccb1a"
                }
            }
        },
        {
            "order": 10,
            "address": "0x4E1e29DC6a673965820761d7c9F3FdBC790F5541",
            "name": "Vault",
            "costs": [
                {
                    "strategy": "estimation",
                    "gasPrice": "1950000000",
                    "estimatedGas": 1118921,
                    "totalCost": "2181895950000000"
                },
                {
                    "strategy": "tx-info",
                    "gasPrice": "4000000000",
                    "estimatedGas": "0x2625a0",
                    "totalCost": "10000000000000000"
                },
                {
                    "strategy": "account-balance",
                    "totalCost": "4475684000000000"
                }
            ],
            "data": {
                "sha3": {
                    "contract_address_0x4E1e29DC6a673965820761d7c9F3FdBC790F5541": "0xf809d226ec88bed2a780895b416e841fc3d9ff157b5ae6c312abfa6d5e7ea7d8",
                    "contract_name_Vault": "0x3f9913607c56dd122a5487aa159215123f4ea2a58ab44a706b34f77d3a2d9496"
                }
            }
        },
        {
            "order": 11,
            "address": "0x9de6242F5211F111148bAC5A4FB1bb6b3Af1928e",
            "name": "Registration",
            "costs": [
                {
                    "strategy": "estimation",
                    "gasPrice": "1950000000",
                    "estimatedGas": 1431904,
                    "totalCost": "2792212800000000"
                },
                {
                    "strategy": "tx-info",
                    "gasPrice": "4000000000",
                    "estimatedGas": "0x5b8d80",
                    "totalCost": "24000000000000000"
                },
                {
                    "strategy": "account-balance",
                    "totalCost": "5727616000000000"
                }
            ],
            "data": {
                "sha3": {
                    "contract_address_0x9de6242F5211F111148bAC5A4FB1bb6b3Af1928e": "0x3f14e559f3cf16d6bd6afe6efba2d6cf7dbe86dca5284d2c137690fc09405c47",
                    "contract_name_Registration": "0x1c32bd8a4ac329a93a37f6256417f4f94c6d34087dd0c8a104eedb2f524af066"
                }
            }
        },
        {
            "order": 12,
            "address": "0x6D1Fe7e8A3B010A65f3e0540112dCC1a954E8C99",
            "name": "CompoundSettings",
            "costs": [
                {
                    "strategy": "estimation",
                    "gasPrice": "1554000000",
                    "estimatedGas": 1742507,
                    "totalCost": "2707855878000000"
                },
                {
                    "strategy": "tx-info",
                    "gasPrice": "4000000000",
                    "estimatedGas": "0x2625a0",
                    "totalCost": "10000000000000000"
                },
                {
                    "strategy": "account-balance",
                    "totalCost": "6970028000000000"
                }
            ],
            "data": {
                "sha3": {
                    "contract_address_0x6D1Fe7e8A3B010A65f3e0540112dCC1a954E8C99": "0xafd54b12267d5398d4b1aa75232be4a0de7932fdd64b0ffe0557ea424dc66c22",
                    "contract_name_CompoundSettings": "0x001ceb846be627e0b478b32dea2177ef5f23d1132293d34d053a70b7aff958b3"
                }
            }
        },
        {
            "order": 13,
            "address": "0xEAE038792e474b0e039956258ce56b65Eed7b04a",
            "name": "CompoundMintPostAction",
            "costs": [
                {
                    "strategy": "estimation",
                    "gasPrice": "1200000000",
                    "estimatedGas": 2142468,
                    "totalCost": "2570961600000000"
                },
                {
                    "strategy": "tx-info",
                    "gasPrice": "4000000000",
                    "estimatedGas": "0x2625a0",
                    "totalCost": "10000000000000000"
                },
                {
                    "strategy": "account-balance",
                    "totalCost": "8569872000000000"
                }
            ],
            "data": {
                "sha3": {
                    "contract_address_0xEAE038792e474b0e039956258ce56b65Eed7b04a": "0x145f090a37aaf589fb8820f4cbe1d7530c41faba0a2b5a824fc7eb2e96ec53c1",
                    "contract_name_CompoundMintPostAction": "0xd73acb45c51e6f0cd38fa12fc1186893867ce6901326141e039272e3ac470773"
                }
            }
        },
        {
            "order": 14,
            "address": "0x41Ded684254bA4F309d05A4997C200D11032582C",
            "name": "StablePay",
            "costs": [
                {
                    "strategy": "estimation",
                    "gasPrice": "1146580127",
                    "estimatedGas": 1212733,
                    "totalCost": "1390495557157091"
                },
                {
                    "strategy": "tx-info",
                    "gasPrice": "4000000000",
                    "estimatedGas": "0x5b8d80",
                    "totalCost": "24000000000000000"
                },
                {
                    "strategy": "account-balance",
                    "totalCost": "4850932000000000"
                }
            ],
            "data": {
                "sha3": {
                    "contract_address_0x41Ded684254bA4F309d05A4997C200D11032582C": "0x92c9e4bb13fa4d18f4e2402525f0ffc22765d2be181465e494930adfbd420ec6",
                    "contract_name_StablePay": "0xd2a7e62852fc1bca1a55b40a7ba61a7c79b39da2d630e857be18ee9c420f9501"
                }
            }
        },
        {
            "order": 15,
            "address": "0x471eCcA7127bb0B94F9bCBf6Eb1E21f024584f14",
            "name": "StablePayBase",
            "costs": [
                {
                    "strategy": "estimation",
                    "gasPrice": "1110000000",
                    "estimatedGas": 5157367,
                    "totalCost": "5724677370000000"
                },
                {
                    "strategy": "tx-info",
                    "gasPrice": "4000000000",
                    "estimatedGas": "0x5b8d80",
                    "totalCost": "24000000000000000"
                },
                {
                    "strategy": "account-balance",
                    "totalCost": "20629468000000000"
                }
            ],
            "data": {
                "sha3": {
                    "contract_address_0x471eCcA7127bb0B94F9bCBf6Eb1E21f024584f14": "0xe6dc33696048cc5292dc876dff2bee7228ccc1b9ad9789374ca10b9c96170d88",
                    "contract_name_StablePayBase": "0x16960b6938e5910cb45cab545a26d2373f0b00e36c5bbba64276948e36d87bc2"
                }
            }
        },
        {
            "order": 16,
            "address": "0x5ca371178A278b596CC4B4F6F59F8552D62B849b",
            "name": "PostActionRegistry",
            "costs": [
                {
                    "strategy": "estimation",
                    "gasPrice": "1200000000",
                    "estimatedGas": 1799675,
                    "totalCost": "2159610000000000"
                },
                {
                    "strategy": "tx-info",
                    "gasPrice": "4000000000",
                    "estimatedGas": "0x5b8d80",
                    "totalCost": "24000000000000000"
                },
                {
                    "strategy": "account-balance",
                    "totalCost": "7198700000000000"
                }
            ],
            "data": {
                "sha3": {
                    "contract_address_0x5ca371178A278b596CC4B4F6F59F8552D62B849b": "0x4274e0e0c71c68fa44b98c6eda0ec0378e31cd362f5346ea479ad4ee8e599d28",
                    "contract_name_PostActionRegistry": "0x58b2fd9e883b7b93e43cab4d7dae1fc74a4eb42229bb5e3764bae7a9dd19954c"
                }
            }
        },
        {
            "order": 17,
            "address": "0xd24927221B82B1b62ed7560027786A2eBFE1ba29",
            "name": "TransferToPostAction",
            "costs": [
                {
                    "strategy": "estimation",
                    "gasPrice": "1110000000",
                    "estimatedGas": 1373123,
                    "totalCost": "1524166530000000"
                },
                {
                    "strategy": "tx-info",
                    "gasPrice": "4000000000",
                    "estimatedGas": "0x5b8d80",
                    "totalCost": "24000000000000000"
                },
                {
                    "strategy": "account-balance",
                    "totalCost": "5492492000000000"
                }
            ],
            "data": {
                "sha3": {
                    "contract_address_0xd24927221B82B1b62ed7560027786A2eBFE1ba29": "0x59ca5f3572083db05cbd7d446022aa4057de623b2a42da5a01255de3deedf90b",
                    "contract_name_TransferToPostAction": "0xc38ff2596dd1810ca0ba8dc12d18550ec1a3b00d42fca8e053b4e757c5424d2b"
                }
            }
        },
        {
            "order": 18,
            "address": "0xED9C103c60527D29246361713e944B2c04F3dFe7",
            "name": "KyberSwappingProvider",
            "costs": [
                {
                    "strategy": "estimation",
                    "gasPrice": "1146580127",
                    "estimatedGas": 2634261,
                    "totalCost": "3020391311931147"
                },
                {
                    "strategy": "tx-info",
                    "gasPrice": "4000000000",
                    "estimatedGas": "0x5b8d80",
                    "totalCost": "24000000000000000"
                },
                {
                    "strategy": "account-balance",
                    "totalCost": "10537044000000000"
                }
            ],
            "data": {
                "sha3": {
                    "contract_address_0xED9C103c60527D29246361713e944B2c04F3dFe7": "0xe9575358e463e23961044544ffe7ac1b59c89edc5bfabfb37d28f0612e047986",
                    "contract_name_KyberSwappingProvider": "0xe507a280aa480a75afe4db41392069b727818782854515a4e0e9bf5e3841d64a"
                }
            }
        },
        {
            "order": 19,
            "address": "0x171d179A0Ce381ff48Da5C082786DAddf139E153",
            "name": "UniswapSwappingProvider",
            "costs": [
                {
                    "strategy": "estimation",
                    "gasPrice": "1146580127",
                    "estimatedGas": 3111258,
                    "totalCost": "3567306592769766"
                },
                {
                    "strategy": "tx-info",
                    "gasPrice": "4000000000",
                    "estimatedGas": "0x5b8d80",
                    "totalCost": "24000000000000000"
                },
                {
                    "strategy": "account-balance",
                    "totalCost": "12445032000000000"
                }
            ],
            "data": {
                "sha3": {
                    "contract_address_0x171d179A0Ce381ff48Da5C082786DAddf139E153": "0x3378b6793677968f9a3ca94c313a31bd389e086557fbd080b45610a767ae04c1",
                    "contract_name_UniswapSwappingProvider": "0x890dbd03fecbb101d188eddc4e361040406514092bfc86b205bfaaf2d7a729fb"
                }
            }
        }
    ],
    "data": [
        {
            "key": "KyberNetwork_v1",
            "value": "0x4b796265724e6574776f726b5f76310000000000000000000000000000000000"
        },
        {
            "key": "Uniswap_v1",
            "value": "0x556e69737761705f763100000000000000000000000000000000000000000000"
        },
        {
            "key": "contract.name_owner",
            "value": {
                "sha3": "0x08361c6ba4c5f78735409153b407c08f5f826327e0195533d47a89065efe2de0",
                "ownerAddress": "0xA14a3871C3E2fb05310DBE66c0994043b3181c95"
            }
        },
        {
            "key": "access.role_owner_0xA14a3871C3E2fb05310DBE66c0994043b3181c95",
            "value": {
                "sha3": "0xdbd759043c9799813fc1b116ffb7137e18515a4f2044379f03f1356454948f15",
                "value": true
            }
        },
        {
            "key": "contract.storage.initialised",
            "value": {
                "sha3": "0x1a655af42e38e46646ca444968abc315a08696908ac9b25256e67e1a25f98eb4",
                "value": true
            }
        },
        {
            "key": "config.platform.fee",
            "value": "50"
        },
        {
            "key": "Token_DAI_Kyber_0x89d24a6b4ccb1b6faa2625fe562bdd9a23260359",
            "value": {
                "minAmount": "1000000000000000",
                "maxAmount": "10000000000000000000"
            }
        },
        {
            "key": "Compound_Token_DAI_CToken_CDAI",
            "value": {
                "token": "0x89d24a6b4ccb1b6faa2625fe562bdd9a23260359",
                "ctoken": "0xf5dce57282a584d2746faf1593d3121fcac444dc"
            }
        }
    ]
}
