{
    "contracts": [
        {
            "order": 1,
            "address": "0x38F16F1580D2c2cB0c32186D87927B047d8fBC3D",
            "name": "SafeMath",
            "costs": [
                {
                    "strategy": "tx-info",
                    "gasPrice": "4300000000",
                    "estimatedGas": 2500000,
                    "totalCost": "10750000000000000"
                }
            ],
            "data": {
                "sha3": {
                    "contract_address_0x38F16F1580D2c2cB0c32186D87927B047d8fBC3D": "0xdf6b5af5e77a637586f4acc7ece09f6770d78a0d58882b0800d6bef003f48e85",
                    "contract_name_SafeMath": "0xdc3793c2c9d813540981c8d5484a8b025e2c045125a97ad05c8c10ba7297f805"
                }
            }
        },
        {
            "order": 2,
            "address": "0x785542dF92147A9dEAf41304fE13dcb0d41f2568",
            "name": "Bytes32ArrayLib",
            "costs": [
                {
                    "strategy": "estimation",
                    "gasPrice": "1000000000",
                    "estimatedGas": 74748,
                    "totalCost": "74748000000000"
                },
                {
                    "strategy": "tx-info",
                    "gasPrice": "4300000000",
                    "estimatedGas": 4000000,
                    "totalCost": "17200000000000000"
                },
                {
                    "strategy": "account-balance",
                    "totalCost": "321416400000000"
                }
            ],
            "data": {
                "sha3": {
                    "contract_address_0x785542dF92147A9dEAf41304fE13dcb0d41f2568": "0x632a301c1d7777a870316602d7d9102ac1e42243878e3d466333d17e7777c916",
                    "contract_name_Bytes32ArrayLib": "0x7df96775469990e143046bba967d7e3e43ddd41a4bbbd6574520e09643dbfcb3"
                }
            }
        },
        {
            "order": 3,
            "address": "0x0088348e68CD5861c8f6A74caab861034f5aCa49",
            "name": "Storage",
            "costs": [
                {
                    "strategy": "estimation",
                    "gasPrice": "1000000000",
                    "estimatedGas": 3790792,
                    "totalCost": "3790792000000000"
                },
                {
                    "strategy": "tx-info",
                    "gasPrice": "4300000000",
                    "estimatedGas": 4000000,
                    "totalCost": "17200000000000000"
                },
                {
                    "strategy": "account-balance",
                    "totalCost": "16300405600000000"
                }
            ],
            "data": {}
        },
        {
            "order": 4,
            "address": "0xc5027c622d3B4400D3fc5E042d965FF3EFB0C18b",
            "name": "StablePayCommon",
            "costs": [
                {
                    "strategy": "estimation",
                    "gasPrice": "1000000000",
                    "estimatedGas": 68730,
                    "totalCost": "68730000000000"
                },
                {
                    "strategy": "tx-info",
                    "gasPrice": "4300000000",
                    "estimatedGas": 4000000,
                    "totalCost": "17200000000000000"
                },
                {
                    "strategy": "account-balance",
                    "totalCost": "295539000000000"
                }
            ],
            "data": {
                "sha3": {
                    "contract_address_0xc5027c622d3B4400D3fc5E042d965FF3EFB0C18b": "0xb94b385973ba0d0b214fa08c84524adefb3d6412b295c30153572baedf674bc5",
                    "contract_name_StablePayCommon": "0x1ebf094449b6e227330397b23824f7edd2e0e4be40de9b4ebbde1a858e0bf686"
                }
            }
        },
        {
            "order": 5,
            "address": "0x53175E92215cf19c469e194fb4Ac72cf6809a052",
            "name": "AddressLib",
            "costs": [
                {
                    "strategy": "estimation",
                    "gasPrice": "1000000000",
                    "estimatedGas": 74748,
                    "totalCost": "74748000000000"
                },
                {
                    "strategy": "tx-info",
                    "gasPrice": "4300000000",
                    "estimatedGas": 4000000,
                    "totalCost": "17200000000000000"
                },
                {
                    "strategy": "account-balance",
                    "totalCost": "321416400000000"
                }
            ],
            "data": {
                "sha3": {
                    "contract_address_0x53175E92215cf19c469e194fb4Ac72cf6809a052": "0x8220ef6cef79816df40654f49634cbad47de7835c4a6ee928fcdbcdef0c9b4e4",
                    "contract_name_AddressLib": "0xe914a67dfb2550e13e100ec4954bc8537f5e7c612633ef049c716a9b5f4fdd5b"
                }
            }
        },
        {
            "order": 6,
            "address": "0xf88637Fa45c9E78c3a4c273188270F1fd5aEFE33",
            "name": "StablePayStorage",
            "costs": [
                {
                    "strategy": "estimation",
                    "gasPrice": "1000000000",
                    "estimatedGas": 2991116,
                    "totalCost": "2991116000000000"
                },
                {
                    "strategy": "tx-info",
                    "gasPrice": "4300000000",
                    "estimatedGas": 4000000,
                    "totalCost": "17200000000000000"
                },
                {
                    "strategy": "account-balance",
                    "totalCost": "12861798800000000"
                }
            ],
            "data": {
                "sha3": {
                    "contract_address_0xf88637Fa45c9E78c3a4c273188270F1fd5aEFE33": "0x1944d9db95ed4310d3a9f050b1df705dee448c825fc9702d632ad6d1b4bf1704",
                    "contract_name_StablePayStorage": "0x54216e0bfdbaae010d730807db0859789587b2d75b5bc30e41fbcc25e2afa817"
                }
            }
        },
        {
            "order": 7,
            "address": "0x9bfbFA8C9945c86C98A9d24EbcA48A05552E3B74",
            "name": "Settings",
            "costs": [
                {
                    "strategy": "estimation",
                    "gasPrice": "1000000000",
                    "estimatedGas": 2917519,
                    "totalCost": "2917519000000000"
                },
                {
                    "strategy": "tx-info",
                    "gasPrice": "4300000000",
                    "estimatedGas": 4000000,
                    "totalCost": "17200000000000000"
                },
                {
                    "strategy": "account-balance",
                    "totalCost": "12545331700000000"
                }
            ],
            "data": {
                "sha3": {
                    "contract_address_0x9bfbFA8C9945c86C98A9d24EbcA48A05552E3B74": "0x987304aa924c4db23c3a6c451297272c77a78780c7d9203932514f5b05365c2c",
                    "contract_name_Settings": "0x6bddb7e5d94a344822123a7650e05c5d7e51cab49d726ea53fc4137d8dc62219"
                }
            }
        },
        {
            "order": 8,
            "address": "0x30bc84b0B93b4d05eCEa77a0985a48A521456447",
            "name": "Upgrade",
            "costs": [
                {
                    "strategy": "estimation",
                    "gasPrice": "1000000000",
                    "estimatedGas": 1118373,
                    "totalCost": "1118373000000000"
                },
                {
                    "strategy": "tx-info",
                    "gasPrice": "4300000000",
                    "estimatedGas": 2500000,
                    "totalCost": "10750000000000000"
                },
                {
                    "strategy": "account-balance",
                    "totalCost": "4809003900000000"
                }
            ],
            "data": {
                "sha3": {
                    "contract_address_0x30bc84b0B93b4d05eCEa77a0985a48A521456447": "0x2c74d22d5985ff385fa9e33092fa6d59a7865a0fa222abb6589f08902c09d568",
                    "contract_name_Upgrade": "0x005e5accdbe6f191b6783f2ec58b0cb091c77cff3bfe85306d1923dbc9897e29"
                }
            }
        },
        {
            "order": 9,
            "address": "0xE0371a35E411D3367354b53e5484C93c0676b5EB",
            "name": "Role",
            "costs": [
                {
                    "strategy": "estimation",
                    "gasPrice": "1000000000",
                    "estimatedGas": 1661319,
                    "totalCost": "1661319000000000"
                },
                {
                    "strategy": "tx-info",
                    "gasPrice": "4300000000",
                    "estimatedGas": 4000000,
                    "totalCost": "17200000000000000"
                },
                {
                    "strategy": "account-balance",
                    "totalCost": "7143671700000000"
                }
            ],
            "data": {
                "sha3": {
                    "contract_address_0xE0371a35E411D3367354b53e5484C93c0676b5EB": "0xb7a3fd597164ce53e6648907d6f3bcc734912200c068252a5cfcb058535592c9",
                    "contract_name_Role": "0x54b93001e57b9ef0e419bc050818d2d04a57b2128578528c6ac8bdb6f77ccb1a"
                }
            }
        },
        {
            "order": 10,
            "address": "0x89151159fF00518b3b9f1e92Eafb53BeEAd4F148",
            "name": "Vault",
            "costs": [
                {
                    "strategy": "estimation",
                    "gasPrice": "1000000000",
                    "estimatedGas": 1037290,
                    "totalCost": "1037290000000000"
                },
                {
                    "strategy": "tx-info",
                    "gasPrice": "4300000000",
                    "estimatedGas": 2500000,
                    "totalCost": "10750000000000000"
                },
                {
                    "strategy": "account-balance",
                    "totalCost": "4460347000000000"
                }
            ],
            "data": {
                "sha3": {
                    "contract_address_0x89151159fF00518b3b9f1e92Eafb53BeEAd4F148": "0x4f13cb0858854651e49136835f28cc172a0099ce334883daffb3ea038b49beeb",
                    "contract_name_Vault": "0x3f9913607c56dd122a5487aa159215123f4ea2a58ab44a706b34f77d3a2d9496"
                }
            }
        },
        {
            "order": 11,
            "address": "0xf6382a6A0a5B1F0455F1a1AEd86E40bE73dd6542",
            "name": "StablePay",
            "costs": [
                {
                    "strategy": "estimation",
                    "gasPrice": "1000000000",
                    "estimatedGas": 3500667,
                    "totalCost": "3500667000000000"
                },
                {
                    "strategy": "tx-info",
                    "gasPrice": "4300000000",
                    "estimatedGas": 4000000,
                    "totalCost": "17200000000000000"
                },
                {
                    "strategy": "account-balance",
                    "totalCost": "15052868100000000"
                }
            ],
            "data": {
                "sha3": {
                    "contract_address_0xf6382a6A0a5B1F0455F1a1AEd86E40bE73dd6542": "0x62e8357a8b35e6a23e222f91e06be7a097b9fd542801833db8cdfb1e8e05e289",
                    "contract_name_StablePay": "0xd2a7e62852fc1bca1a55b40a7ba61a7c79b39da2d630e857be18ee9c420f9501"
                }
            }
        },
        {
            "order": 12,
            "address": "0xa37F94b2999BA8c861404c52EEc51374afB17f89",
            "name": "ZeroxSwappingProvider",
            "costs": [
                {
                    "strategy": "estimation",
                    "gasPrice": "1000000000",
                    "estimatedGas": 1999326,
                    "totalCost": "1999326000000000"
                },
                {
                    "strategy": "tx-info",
                    "gasPrice": "4300000000",
                    "estimatedGas": 2500000,
                    "totalCost": "10750000000000000"
                },
                {
                    "strategy": "account-balance",
                    "totalCost": "8597101800000000"
                }
            ],
            "data": {
                "sha3": {
                    "contract_address_0xa37F94b2999BA8c861404c52EEc51374afB17f89": "0xd63024a2aea2ecbd96ffaa56108b0ede43aab422bd6d575c6a0de6c618f8889d",
                    "contract_name_ZeroxSwappingProvider": "0xbf63462476bb1a1229af0924e8aeb336f708d15959d7a00ec0612126612d5491"
                }
            }
        },
        {
            "order": 13,
            "address": "0x4265e60605D4Db0013Ff842A019b855f1FD1d6CC",
            "name": "KyberSwappingProvider",
            "costs": [
                {
                    "strategy": "estimation",
                    "gasPrice": "1000000000",
                    "estimatedGas": 1944216,
                    "totalCost": "1944216000000000"
                },
                {
                    "strategy": "tx-info",
                    "gasPrice": "4300000000",
                    "estimatedGas": 4000000,
                    "totalCost": "17200000000000000"
                },
                {
                    "strategy": "account-balance",
                    "totalCost": "8360128800000000"
                }
            ],
            "data": {
                "sha3": {
                    "contract_address_0x4265e60605D4Db0013Ff842A019b855f1FD1d6CC": "0x3e8d870b9845487ad8decc1a5e6e548ebcfedaa16323e33ce8ff11f8767bb55c",
                    "contract_name_KyberSwappingProvider": "0xe507a280aa480a75afe4db41392069b727818782854515a4e0e9bf5e3841d64a"
                }
            }
        }
    ],
    "data": [
        {
            "key": "0x_v1",
            "value": "0x30785f7631000000000000000000000000000000000000000000000000000000"
        },
        {
            "key": "KyberNetwork_v1",
            "value": "0x4b796265724e6574776f726b5f76310000000000000000000000000000000000"
        },
        {
            "key": "contract.name_owner",
            "value": {
                "sha3": "0x08361c6ba4c5f78735409153b407c08f5f826327e0195533d47a89065efe2de0",
                "ownerAddress": "0x5AA2a57550a393Eef5a2025cc31F00cB7095B464"
            }
        },
        {
            "key": "access.role_owner_0x5AA2a57550a393Eef5a2025cc31F00cB7095B464",
            "value": {
                "sha3": "0xd907380fd730390a8c2ba2dd7794514a93027592dd8a890974d9bbe8e1c6378c",
                "value": true
            }
        },
        {
            "key": "contract.storage.initialised",
            "value": {
                "sha3": "0x1a655af42e38e46646ca444968abc315a08696908ac9b25256e67e1a25f98eb4",
                "value": true
            }
        },
        {
            "key": "config.platform.fee",
            "value": "100"
        },
        {
            "key": "Token_DAI_Kyber_0xaD6D458402F60fD3Bd25163575031ACDce07538D",
            "value": {
                "minAmount": "10000000000000000000",
                "maxAmount": "100000000000000000000"
            }
        }
    ]
}
