{
    "contracts": [
        {
            "order": 1,
            "address": "0x3cD76c675f5550F6EcC4D0B8f9E0d4010710D3b9",
            "name": "SafeMath",
            "costs": [
                {
                    "strategy": "tx-info",
                    "gasPrice": "4300000000",
                    "estimatedGas": 2500000,
                    "totalCost": "10750000000000000"
                }
            ],
            "data": {
                "sha3": {
                    "contract_address_0x3cD76c675f5550F6EcC4D0B8f9E0d4010710D3b9": "0x0d959103122f893130ecc7aadbd494aa4896aed3b965ef304c0bbd97b334488e",
                    "contract_name_SafeMath": "0xdc3793c2c9d813540981c8d5484a8b025e2c045125a97ad05c8c10ba7297f805"
                }
            }
        },
        {
            "order": 2,
            "address": "0xF9FfE21f69322A184f607641c942b6d3AC37c273",
            "name": "Bytes32ArrayLib",
            "costs": [
                {
                    "strategy": "estimation",
                    "gasPrice": "1000000000",
                    "estimatedGas": 74748,
                    "totalCost": "74748000000000"
                },
                {
                    "strategy": "tx-info",
                    "gasPrice": "4300000000",
                    "estimatedGas": 4000000,
                    "totalCost": "17200000000000000"
                },
                {
                    "strategy": "account-balance",
                    "totalCost": "321416400000000"
                }
            ],
            "data": {
                "sha3": {
                    "contract_address_0xF9FfE21f69322A184f607641c942b6d3AC37c273": "0x5d25e9d8de0572e9546fd3bd03fe99e0d120e32732994cb15b8d7b7f7c24401e",
                    "contract_name_Bytes32ArrayLib": "0x7df96775469990e143046bba967d7e3e43ddd41a4bbbd6574520e09643dbfcb3"
                }
            }
        },
        {
            "order": 3,
            "address": "0x3c838db29F98F296F638A21ae05f28DD9113D1F6",
            "name": "Storage",
            "costs": [
                {
                    "strategy": "estimation",
                    "gasPrice": "1000000000",
                    "estimatedGas": 3790792,
                    "totalCost": "3790792000000000"
                },
                {
                    "strategy": "tx-info",
                    "gasPrice": "4300000000",
                    "estimatedGas": 4000000,
                    "totalCost": "17200000000000000"
                },
                {
                    "strategy": "account-balance",
                    "totalCost": "16300405600000000"
                }
            ],
            "data": {}
        },
        {
            "order": 4,
            "address": "0xA08479eF6018a40C77F6684E3fB7a17e8873eBB4",
            "name": "StablePayCommon",
            "costs": [
                {
                    "strategy": "estimation",
                    "gasPrice": "1000000000",
                    "estimatedGas": 68730,
                    "totalCost": "68730000000000"
                },
                {
                    "strategy": "tx-info",
                    "gasPrice": "4300000000",
                    "estimatedGas": 4000000,
                    "totalCost": "17200000000000000"
                },
                {
                    "strategy": "account-balance",
                    "totalCost": "295539000000000"
                }
            ],
            "data": {
                "sha3": {
                    "contract_address_0xA08479eF6018a40C77F6684E3fB7a17e8873eBB4": "0xd9388733d48916ebd40542669e88e50c53e9c4072fa94fa6f55c1ee1c36af9f8",
                    "contract_name_StablePayCommon": "0x1ebf094449b6e227330397b23824f7edd2e0e4be40de9b4ebbde1a858e0bf686"
                }
            }
        },
        {
            "order": 5,
            "address": "0xE1cc5B2C2981b5dbC6015D91104d3F631be8b952",
            "name": "AddressLib",
            "costs": [
                {
                    "strategy": "estimation",
                    "gasPrice": "1000000000",
                    "estimatedGas": 74748,
                    "totalCost": "74748000000000"
                },
                {
                    "strategy": "tx-info",
                    "gasPrice": "4300000000",
                    "estimatedGas": 4000000,
                    "totalCost": "17200000000000000"
                },
                {
                    "strategy": "account-balance",
                    "totalCost": "321416400000000"
                }
            ],
            "data": {
                "sha3": {
                    "contract_address_0xE1cc5B2C2981b5dbC6015D91104d3F631be8b952": "0x5d14a06953628e47fb90e918af1aae6a40f0290490c1573729ea9ecd0fb7eb1e",
                    "contract_name_AddressLib": "0xe914a67dfb2550e13e100ec4954bc8537f5e7c612633ef049c716a9b5f4fdd5b"
                }
            }
        },
        {
            "order": 6,
            "address": "0x02E3312BBbdE070808567ab7c200Fd9BdA8AF33d",
            "name": "StablePayStorage",
            "costs": [
                {
                    "strategy": "estimation",
                    "gasPrice": "1000000000",
                    "estimatedGas": 2962054,
                    "totalCost": "2962054000000000"
                },
                {
                    "strategy": "tx-info",
                    "gasPrice": "4300000000",
                    "estimatedGas": 4000000,
                    "totalCost": "17200000000000000"
                },
                {
                    "strategy": "account-balance",
                    "totalCost": "12736832200000000"
                }
            ],
            "data": {
                "sha3": {
                    "contract_address_0x02E3312BBbdE070808567ab7c200Fd9BdA8AF33d": "0xd58dab76031cc1d3161ccc51c4bef3d555eeddfcff9a6209a99623a015ffbebb",
                    "contract_name_StablePayStorage": "0x54216e0bfdbaae010d730807db0859789587b2d75b5bc30e41fbcc25e2afa817"
                }
            }
        },
        {
            "order": 7,
            "address": "0x15F5A95e5685E0e7a3a74d41F17B8B85425AAb2E",
            "name": "Settings",
            "costs": [
                {
                    "strategy": "estimation",
                    "gasPrice": "1000000000",
                    "estimatedGas": 2297528,
                    "totalCost": "2297528000000000"
                },
                {
                    "strategy": "tx-info",
                    "gasPrice": "4300000000",
                    "estimatedGas": 2500000,
                    "totalCost": "10750000000000000"
                },
                {
                    "strategy": "account-balance",
                    "totalCost": "9879370400000000"
                }
            ],
            "data": {
                "sha3": {
                    "contract_address_0x15F5A95e5685E0e7a3a74d41F17B8B85425AAb2E": "0x701f0874daf474c4809b7c897c20dd04a06d2138bb7020e678be277a00ac2f78",
                    "contract_name_Settings": "0x6bddb7e5d94a344822123a7650e05c5d7e51cab49d726ea53fc4137d8dc62219"
                }
            }
        },
        {
            "order": 8,
            "address": "0xda89688Ef7fF6a08a2F7DA4A011eDF234196A30d",
            "name": "Upgrade",
            "costs": [
                {
                    "strategy": "estimation",
                    "gasPrice": "1000000000",
                    "estimatedGas": 1118373,
                    "totalCost": "1118373000000000"
                },
                {
                    "strategy": "tx-info",
                    "gasPrice": "4300000000",
                    "estimatedGas": 2500000,
                    "totalCost": "10750000000000000"
                },
                {
                    "strategy": "account-balance",
                    "totalCost": "4809003900000000"
                }
            ],
            "data": {
                "sha3": {
                    "contract_address_0xda89688Ef7fF6a08a2F7DA4A011eDF234196A30d": "0x052eb727dd9ba1be36637eb8dd5060b6be7fc4a17397bcebdbce7eb423c6f11d",
                    "contract_name_Upgrade": "0x005e5accdbe6f191b6783f2ec58b0cb091c77cff3bfe85306d1923dbc9897e29"
                }
            }
        },
        {
            "order": 9,
            "address": "0xF75583CA183A412627F5e6613a140bEC76C0D97b",
            "name": "Role",
            "costs": [
                {
                    "strategy": "estimation",
                    "gasPrice": "1000000000",
                    "estimatedGas": 1661383,
                    "totalCost": "1661383000000000"
                },
                {
                    "strategy": "tx-info",
                    "gasPrice": "4300000000",
                    "estimatedGas": 2500000,
                    "totalCost": "10750000000000000"
                },
                {
                    "strategy": "account-balance",
                    "totalCost": "7143946900000000"
                }
            ],
            "data": {
                "sha3": {
                    "contract_address_0xF75583CA183A412627F5e6613a140bEC76C0D97b": "0x3cdffbea4d504b69e17628709a98cb368d27ef32f1d1df5229d1c11f528f372e",
                    "contract_name_Role": "0x54b93001e57b9ef0e419bc050818d2d04a57b2128578528c6ac8bdb6f77ccb1a"
                }
            }
        },
        {
            "order": 10,
            "address": "0xd68A1b191F7AcDA3502240315c3ACea09F7E8d58",
            "name": "StablePay",
            "costs": [
                {
                    "strategy": "estimation",
                    "gasPrice": "1000000000",
                    "estimatedGas": 2297748,
                    "totalCost": "2297748000000000"
                },
                {
                    "strategy": "tx-info",
                    "gasPrice": "4300000000",
                    "estimatedGas": 2500000,
                    "totalCost": "10750000000000000"
                },
                {
                    "strategy": "account-balance",
                    "totalCost": "9880316400000000"
                }
            ],
            "data": {
                "sha3": {
                    "contract_address_0xd68A1b191F7AcDA3502240315c3ACea09F7E8d58": "0x7cc82d475b24ec18eff06f07f5335619e03c991c5f3f7c8d027d614453e5b0b9",
                    "contract_name_StablePay": "0xd2a7e62852fc1bca1a55b40a7ba61a7c79b39da2d630e857be18ee9c420f9501"
                }
            }
        },
        {
            "order": 11,
            "address": "0x8824F1436C436E29559Ed38fe44da15D9EF69B52",
            "name": "ZeroxSwappingProvider",
            "costs": [
                {
                    "strategy": "estimation",
                    "gasPrice": "1000000000",
                    "estimatedGas": 1993756,
                    "totalCost": "1993756000000000"
                },
                {
                    "strategy": "tx-info",
                    "gasPrice": "4300000000",
                    "estimatedGas": 2500000,
                    "totalCost": "10750000000000000"
                },
                {
                    "strategy": "account-balance",
                    "totalCost": "8573150800000000"
                }
            ],
            "data": {
                "sha3": {
                    "contract_address_0x8824F1436C436E29559Ed38fe44da15D9EF69B52": "0xc666a3b6fd43f3459ce015e8a44ec0568f4a847791ccde3c46cbe74d7fec09e2",
                    "contract_name_ZeroxSwappingProvider": "0xbf63462476bb1a1229af0924e8aeb336f708d15959d7a00ec0612126612d5491"
                }
            }
        },
        {
            "order": 12,
            "address": "0x6d032bA1ecaacE0a781f2EA60C44995dF726e9E2",
            "name": "KyberSwappingProvider",
            "costs": [
                {
                    "strategy": "estimation",
                    "gasPrice": "1000000000",
                    "estimatedGas": 1572092,
                    "totalCost": "1572092000000000"
                },
                {
                    "strategy": "tx-info",
                    "gasPrice": "4300000000",
                    "estimatedGas": 4000000,
                    "totalCost": "17200000000000000"
                },
                {
                    "strategy": "account-balance",
                    "totalCost": "6759995600000000"
                }
            ],
            "data": {
                "sha3": {
                    "contract_address_0x6d032bA1ecaacE0a781f2EA60C44995dF726e9E2": "0x011d5fa2fadb3a9b63fb235cbbff137543d442010891d15f5fd7783b82e4bbe0",
                    "contract_name_KyberSwappingProvider": "0xe507a280aa480a75afe4db41392069b727818782854515a4e0e9bf5e3841d64a"
                }
            }
        }
    ],
    "data": [
        {
            "key": "0x_v1",
            "value": "0x30785f7631000000000000000000000000000000000000000000000000000000"
        },
        {
            "key": "KyberNetwork_v1",
            "value": "0x4b796265724e6574776f726b5f76310000000000000000000000000000000000"
        },
        {
            "key": "platform.fee",
            "value": "1"
        },
        {
            "key": "contract.name_owner",
            "value": {
                "sha3": "0x08361c6ba4c5f78735409153b407c08f5f826327e0195533d47a89065efe2de0",
                "ownerAddress": "0x5AA2a57550a393Eef5a2025cc31F00cB7095B464"
            }
        },
        {
            "key": "access.role_owner_0x5AA2a57550a393Eef5a2025cc31F00cB7095B464",
            "value": {
                "sha3": "0xd907380fd730390a8c2ba2dd7794514a93027592dd8a890974d9bbe8e1c6378c",
                "value": true
            }
        },
        {
            "key": "contract.storage.initialised",
            "value": {
                "sha3": "0x1a655af42e38e46646ca444968abc315a08696908ac9b25256e67e1a25f98eb4",
                "value": true
            }
        }
    ]
}
