{
    "contracts": [
        {
            "order": 1,
            "address": "0x97a6917aA64C13071FF775c726E2290Cd16EFeb1",
            "name": "SafeMath",
            "costs": [
                {
                    "strategy": "tx-info",
                    "gasPrice": "4300000000",
                    "estimatedGas": 2500000,
                    "totalCost": "10750000000000000"
                }
            ],
            "data": {
                "sha3": {
                    "contract_address_0x97a6917aA64C13071FF775c726E2290Cd16EFeb1": "0xfef3588257e4771ca9a4227cfd49b07dd132cf7beb8dbb551f571c3c676fda65",
                    "contract_name_SafeMath": "0xdc3793c2c9d813540981c8d5484a8b025e2c045125a97ad05c8c10ba7297f805"
                }
            }
        },
        {
            "order": 2,
            "address": "0x2acc52f2b438f099e3B3ac58ff6BfA81db9c483D",
            "name": "Bytes32ArrayLib",
            "costs": [
                {
                    "strategy": "estimation",
                    "gasPrice": "250000000",
                    "estimatedGas": 74748,
                    "totalCost": "18687000000000"
                },
                {
                    "strategy": "tx-info",
                    "gasPrice": "4300000000",
                    "estimatedGas": 4000000,
                    "totalCost": "17200000000000000"
                },
                {
                    "strategy": "account-balance",
                    "totalCost": "321416400000000"
                }
            ],
            "data": {
                "sha3": {
                    "contract_address_0x2acc52f2b438f099e3B3ac58ff6BfA81db9c483D": "0xa5f209faf6f35cad82ca6ce8712991af353c5cbb0468c1bf77fa435aaabddf9b",
                    "contract_name_Bytes32ArrayLib": "0x7df96775469990e143046bba967d7e3e43ddd41a4bbbd6574520e09643dbfcb3"
                }
            }
        },
        {
            "order": 3,
            "address": "0x258Dc4133AAe4bE0BB560fF955C5f5cDBD5184Ef",
            "name": "Storage",
            "costs": [
                {
                    "strategy": "estimation",
                    "gasPrice": "250000000",
                    "estimatedGas": 3790792,
                    "totalCost": "947698000000000"
                },
                {
                    "strategy": "tx-info",
                    "gasPrice": "4300000000",
                    "estimatedGas": 4000000,
                    "totalCost": "17200000000000000"
                },
                {
                    "strategy": "account-balance",
                    "totalCost": "16300405600000000"
                }
            ],
            "data": {}
        },
        {
            "order": 4,
            "address": "0x80553A6020Da74bA193DF6d79fC4cB0fDfA783E5",
            "name": "StablePayCommon",
            "costs": [
                {
                    "strategy": "estimation",
                    "gasPrice": "250000000",
                    "estimatedGas": 68730,
                    "totalCost": "17182500000000"
                },
                {
                    "strategy": "tx-info",
                    "gasPrice": "4300000000",
                    "estimatedGas": 4000000,
                    "totalCost": "17200000000000000"
                },
                {
                    "strategy": "account-balance",
                    "totalCost": "295539000000000"
                }
            ],
            "data": {
                "sha3": {
                    "contract_address_0x80553A6020Da74bA193DF6d79fC4cB0fDfA783E5": "0x783af295c4439604188a6fa41295abcdd806c44a199271795a0db2b107d029dd",
                    "contract_name_StablePayCommon": "0x1ebf094449b6e227330397b23824f7edd2e0e4be40de9b4ebbde1a858e0bf686"
                }
            }
        },
        {
            "order": 5,
            "address": "0xc3DCFAA0ac719029C5A60c8E583A2e4FBc7Bf994",
            "name": "AddressLib",
            "costs": [
                {
                    "strategy": "estimation",
                    "gasPrice": "250000000",
                    "estimatedGas": 74748,
                    "totalCost": "18687000000000"
                },
                {
                    "strategy": "tx-info",
                    "gasPrice": "4300000000",
                    "estimatedGas": 4000000,
                    "totalCost": "17200000000000000"
                },
                {
                    "strategy": "account-balance",
                    "totalCost": "321416400000000"
                }
            ],
            "data": {
                "sha3": {
                    "contract_address_0xc3DCFAA0ac719029C5A60c8E583A2e4FBc7Bf994": "0x321f1fd2b534fc8e17626913baded74042d6dbfbb203b40fda5f64f3dea649b9",
                    "contract_name_AddressLib": "0xe914a67dfb2550e13e100ec4954bc8537f5e7c612633ef049c716a9b5f4fdd5b"
                }
            }
        },
        {
            "order": 6,
            "address": "0xE15112177A8e2b57C2cAf6a989ACdD3592183914",
            "name": "StablePayStorage",
            "costs": [
                {
                    "strategy": "estimation",
                    "gasPrice": "250000000",
                    "estimatedGas": 2991116,
                    "totalCost": "747779000000000"
                },
                {
                    "strategy": "tx-info",
                    "gasPrice": "4300000000",
                    "estimatedGas": 4000000,
                    "totalCost": "17200000000000000"
                },
                {
                    "strategy": "account-balance",
                    "totalCost": "12861798800000000"
                }
            ],
            "data": {
                "sha3": {
                    "contract_address_0xE15112177A8e2b57C2cAf6a989ACdD3592183914": "0xb1c5ad762930935548cc55dcd35671f5abe51b96d4c2c9fda72fb406a20544d0",
                    "contract_name_StablePayStorage": "0x54216e0bfdbaae010d730807db0859789587b2d75b5bc30e41fbcc25e2afa817"
                }
            }
        },
        {
            "order": 7,
            "address": "0x5C2642a9Ba20E0C8548730985F788ff8Bd96dAE8",
            "name": "Settings",
            "costs": [
                {
                    "strategy": "estimation",
                    "gasPrice": "250000000",
                    "estimatedGas": 2917583,
                    "totalCost": "729395750000000"
                },
                {
                    "strategy": "tx-info",
                    "gasPrice": "4300000000",
                    "estimatedGas": 4000000,
                    "totalCost": "17200000000000000"
                },
                {
                    "strategy": "account-balance",
                    "totalCost": "12545606900000000"
                }
            ],
            "data": {
                "sha3": {
                    "contract_address_0x5C2642a9Ba20E0C8548730985F788ff8Bd96dAE8": "0x7e5e409bab6e22bbc23e4e2d0e81586bda7dec32d7a16d8da81b394c973124db",
                    "contract_name_Settings": "0x6bddb7e5d94a344822123a7650e05c5d7e51cab49d726ea53fc4137d8dc62219"
                }
            }
        },
        {
            "order": 8,
            "address": "0x733968E7E87cbC2A66157C434F59138E04a69461",
            "name": "Upgrade",
            "costs": [
                {
                    "strategy": "estimation",
                    "gasPrice": "250000000",
                    "estimatedGas": 1118437,
                    "totalCost": "279609250000000"
                },
                {
                    "strategy": "tx-info",
                    "gasPrice": "4300000000",
                    "estimatedGas": 2500000,
                    "totalCost": "10750000000000000"
                },
                {
                    "strategy": "account-balance",
                    "totalCost": "4809279100000000"
                }
            ],
            "data": {
                "sha3": {
                    "contract_address_0x733968E7E87cbC2A66157C434F59138E04a69461": "0x2583129eb3f86572288305a2c0e456f00c41296098cfea666dd5ea47d739665b",
                    "contract_name_Upgrade": "0x005e5accdbe6f191b6783f2ec58b0cb091c77cff3bfe85306d1923dbc9897e29"
                }
            }
        },
        {
            "order": 9,
            "address": "0x0f86b698F12F4cBd94EecB1d08ccf78ac928bff1",
            "name": "Role",
            "costs": [
                {
                    "strategy": "estimation",
                    "gasPrice": "250000000",
                    "estimatedGas": 1661383,
                    "totalCost": "415345750000000"
                },
                {
                    "strategy": "tx-info",
                    "gasPrice": "4300000000",
                    "estimatedGas": 4000000,
                    "totalCost": "17200000000000000"
                },
                {
                    "strategy": "account-balance",
                    "totalCost": "7143946900000000"
                }
            ],
            "data": {
                "sha3": {
                    "contract_address_0x0f86b698F12F4cBd94EecB1d08ccf78ac928bff1": "0x647adb925edb9710ca64aeb503be41988c94e1bbb1b418a6ae1fb1d675ed8fde",
                    "contract_name_Role": "0x54b93001e57b9ef0e419bc050818d2d04a57b2128578528c6ac8bdb6f77ccb1a"
                }
            }
        },
        {
            "order": 10,
            "address": "0x6bbB103cEf482518C8bcf3182c00B3B5036acD42",
            "name": "Vault",
            "costs": [
                {
                    "strategy": "estimation",
                    "gasPrice": "250000000",
                    "estimatedGas": 1037354,
                    "totalCost": "259338500000000"
                },
                {
                    "strategy": "tx-info",
                    "gasPrice": "4300000000",
                    "estimatedGas": 2500000,
                    "totalCost": "10750000000000000"
                },
                {
                    "strategy": "account-balance",
                    "totalCost": "4460622200000000"
                }
            ],
            "data": {
                "sha3": {
                    "contract_address_0x6bbB103cEf482518C8bcf3182c00B3B5036acD42": "0xc2317c4518d8633ea773fe756c1fee78205ad004d1aa1d4202f3d595597d1c9b",
                    "contract_name_Vault": "0x3f9913607c56dd122a5487aa159215123f4ea2a58ab44a706b34f77d3a2d9496"
                }
            }
        },
        {
            "order": 11,
            "address": "0x57c3F9D35252e9678c865D76aFF51a070aBC0417",
            "name": "StablePay",
            "costs": [
                {
                    "strategy": "estimation",
                    "gasPrice": "250000000",
                    "estimatedGas": 3625461,
                    "totalCost": "906365250000000"
                },
                {
                    "strategy": "tx-info",
                    "gasPrice": "4300000000",
                    "estimatedGas": 4000000,
                    "totalCost": "17200000000000000"
                },
                {
                    "strategy": "account-balance",
                    "totalCost": "15589482300000000"
                }
            ],
            "data": {
                "sha3": {
                    "contract_address_0x57c3F9D35252e9678c865D76aFF51a070aBC0417": "0xabcabb1bba037804532b56334ebd4867dc660b8a134b05607596024e0c262a86",
                    "contract_name_StablePay": "0xd2a7e62852fc1bca1a55b40a7ba61a7c79b39da2d630e857be18ee9c420f9501"
                }
            }
        },
        {
            "order": 12,
            "address": "0xa7471a4359D102931D2e5e605964393f23f7E847",
            "name": "ZeroxSwappingProvider",
            "costs": [
                {
                    "strategy": "estimation",
                    "gasPrice": "250000000",
                    "estimatedGas": 1999326,
                    "totalCost": "499831500000000"
                },
                {
                    "strategy": "tx-info",
                    "gasPrice": "4300000000",
                    "estimatedGas": 2500000,
                    "totalCost": "10750000000000000"
                },
                {
                    "strategy": "account-balance",
                    "totalCost": "8597101800000000"
                }
            ],
            "data": {
                "sha3": {
                    "contract_address_0xa7471a4359D102931D2e5e605964393f23f7E847": "0xa9376b1e94842c8e5868b20260b4520ea1b741948030a5271c494620bccda017",
                    "contract_name_ZeroxSwappingProvider": "0xbf63462476bb1a1229af0924e8aeb336f708d15959d7a00ec0612126612d5491"
                }
            }
        },
        {
            "order": 13,
            "address": "0x3781acc49714cabdc343E333485991Bf854cB312",
            "name": "KyberSwappingProvider",
            "costs": [
                {
                    "strategy": "estimation",
                    "gasPrice": "250000000",
                    "estimatedGas": 1944408,
                    "totalCost": "486102000000000"
                },
                {
                    "strategy": "tx-info",
                    "gasPrice": "4300000000",
                    "estimatedGas": 4000000,
                    "totalCost": "17200000000000000"
                },
                {
                    "strategy": "account-balance",
                    "totalCost": "8360954400000000"
                }
            ],
            "data": {
                "sha3": {
                    "contract_address_0x3781acc49714cabdc343E333485991Bf854cB312": "0x13473a008c6cb6357851e535c97027df9ca6659be748b8abc5cc4b5ce8113fc7",
                    "contract_name_KyberSwappingProvider": "0xe507a280aa480a75afe4db41392069b727818782854515a4e0e9bf5e3841d64a"
                }
            }
        }
    ],
    "data": [
        {
            "key": "0x_v1",
            "value": "0x30785f7631000000000000000000000000000000000000000000000000000000"
        },
        {
            "key": "KyberNetwork_v1",
            "value": "0x4b796265724e6574776f726b5f76310000000000000000000000000000000000"
        },
        {
            "key": "contract.name_owner",
            "value": {
                "sha3": "0x08361c6ba4c5f78735409153b407c08f5f826327e0195533d47a89065efe2de0",
                "ownerAddress": "0x5AA2a57550a393Eef5a2025cc31F00cB7095B464"
            }
        },
        {
            "key": "access.role_owner_0x5AA2a57550a393Eef5a2025cc31F00cB7095B464",
            "value": {
                "sha3": "0xd907380fd730390a8c2ba2dd7794514a93027592dd8a890974d9bbe8e1c6378c",
                "value": true
            }
        },
        {
            "key": "contract.storage.initialised",
            "value": {
                "sha3": "0x1a655af42e38e46646ca444968abc315a08696908ac9b25256e67e1a25f98eb4",
                "value": true
            }
        },
        {
            "key": "config.platform.fee",
            "value": "100"
        },
        {
            "key": "Token_DAI_Kyber_0xaD6D458402F60fD3Bd25163575031ACDce07538D",
            "value": {
                "minAmount": "10000000000000000000",
                "maxAmount": "100000000000000000000"
            }
        }
    ]
}
