{
    "contracts": [
        {
            "order": 1,
            "address": "0x2e1fA6474a7cCA77494dF653Aa2A02776209C059",
            "name": "SafeMath",
            "costs": [
                {
                    "strategy": "tx-info",
                    "gasPrice": "20000000000",
                    "estimatedGas": 2500000,
                    "totalCost": "50000000000000000"
                }
            ],
            "data": {
                "sha3": {
                    "contract_address_0x2e1fA6474a7cCA77494dF653Aa2A02776209C059": "0x81be8dd5154219733a4c5c5b28513debe3d4d3081a7dce08e83e81f4bd70bf54",
                    "contract_name_SafeMath": "0xdc3793c2c9d813540981c8d5484a8b025e2c045125a97ad05c8c10ba7297f805"
                }
            }
        },
        {
            "order": 2,
            "address": "0x72ff6f89b8EecE5334956AeAbaFc63ed498ae24A",
            "name": "Bytes32ArrayLib",
            "costs": [
                {
                    "strategy": "estimation",
                    "gasPrice": "1000000000",
                    "estimatedGas": 74748,
                    "totalCost": "74748000000000"
                },
                {
                    "strategy": "tx-info",
                    "gasPrice": "20000000000",
                    "estimatedGas": 5000000,
                    "totalCost": "100000000000000000"
                },
                {
                    "strategy": "account-balance",
                    "totalCost": "1494960000000000"
                }
            ],
            "data": {
                "sha3": {
                    "contract_address_0x72ff6f89b8EecE5334956AeAbaFc63ed498ae24A": "0x9bc2cc4248e079038c8441240500f02fdde8d93c52a9d42b2188159cd9205513",
                    "contract_name_Bytes32ArrayLib": "0x7df96775469990e143046bba967d7e3e43ddd41a4bbbd6574520e09643dbfcb3"
                }
            }
        },
        {
            "order": 3,
            "address": "0xFFa5791E6238F8Fdb5883A57cCae70c326089Fec",
            "name": "Storage",
            "costs": [
                {
                    "strategy": "estimation",
                    "gasPrice": "1000000000",
                    "estimatedGas": 3790792,
                    "totalCost": "3790792000000000"
                },
                {
                    "strategy": "tx-info",
                    "gasPrice": "20000000000",
                    "estimatedGas": 5000000,
                    "totalCost": "100000000000000000"
                },
                {
                    "strategy": "account-balance",
                    "totalCost": "75815840000000000"
                }
            ],
            "data": {
                "sha3": {
                    "contract_address_0xFFa5791E6238F8Fdb5883A57cCae70c326089Fec": "0xc44a2c938a389cc5f11c19be7b37cfdb75b8e4394fff5e070a3708138820e7c5",
                    "contract_name_Storage": "0x6e39123e43811da52917b1beda4ea11f1ed2db73ab056499404648c3ced8af69"
                }
            }
        },
        {
            "order": 4,
            "address": "0x120a9df8A66C86E8c25a5A499d7458aF29ed297F",
            "name": "StablePayCommon",
            "costs": [
                {
                    "strategy": "estimation",
                    "gasPrice": "1000000000",
                    "estimatedGas": 68794,
                    "totalCost": "68794000000000"
                },
                {
                    "strategy": "tx-info",
                    "gasPrice": "20000000000",
                    "estimatedGas": 5000000,
                    "totalCost": "100000000000000000"
                },
                {
                    "strategy": "account-balance",
                    "totalCost": "1375880000000000"
                }
            ],
            "data": {
                "sha3": {
                    "contract_address_0x120a9df8A66C86E8c25a5A499d7458aF29ed297F": "0xfd680f8ed20e0c7e56ff4027b502c026c6fae497062b9d550dcf0b9338b763c5",
                    "contract_name_StablePayCommon": "0x1ebf094449b6e227330397b23824f7edd2e0e4be40de9b4ebbde1a858e0bf686"
                }
            }
        },
        {
            "order": 5,
            "address": "0x87424d77b0875c359Ca3e0A57f0aBbf76d1B6B08",
            "name": "AddressLib",
            "costs": [
                {
                    "strategy": "estimation",
                    "gasPrice": "1000000000",
                    "estimatedGas": 74748,
                    "totalCost": "74748000000000"
                },
                {
                    "strategy": "tx-info",
                    "gasPrice": "20000000000",
                    "estimatedGas": 5000000,
                    "totalCost": "100000000000000000"
                },
                {
                    "strategy": "account-balance",
                    "totalCost": "1494960000000000"
                }
            ],
            "data": {
                "sha3": {
                    "contract_address_0x87424d77b0875c359Ca3e0A57f0aBbf76d1B6B08": "0xa8670a742c48db9e90fc9735933b988e39baa75f2aaf2543570ee73bf009d223",
                    "contract_name_AddressLib": "0xe914a67dfb2550e13e100ec4954bc8537f5e7c612633ef049c716a9b5f4fdd5b"
                }
            }
        },
        {
            "order": 6,
            "address": "0x423d6446573C8AB165b9971260e1030F7a61769D",
            "name": "StablePayStorage",
            "costs": [
                {
                    "strategy": "estimation",
                    "gasPrice": "1000000000",
                    "estimatedGas": 3115938,
                    "totalCost": "3115938000000000"
                },
                {
                    "strategy": "tx-info",
                    "gasPrice": "20000000000",
                    "estimatedGas": 5000000,
                    "totalCost": "100000000000000000"
                },
                {
                    "strategy": "account-balance",
                    "totalCost": "62318760000000000"
                }
            ],
            "data": {
                "sha3": {
                    "contract_address_0x423d6446573C8AB165b9971260e1030F7a61769D": "0xbd21db74778bc866fadc1897e1c2841afea3b929690233924d7c22b19dc010d0",
                    "contract_name_StablePayStorage": "0x54216e0bfdbaae010d730807db0859789587b2d75b5bc30e41fbcc25e2afa817"
                }
            }
        },
        {
            "order": 7,
            "address": "0xBfbcc071C89840C4C76595DD9550153Aaa5981f6",
            "name": "Settings",
            "costs": [
                {
                    "strategy": "estimation",
                    "gasPrice": "1000000000",
                    "estimatedGas": 3387889,
                    "totalCost": "3387889000000000"
                },
                {
                    "strategy": "tx-info",
                    "gasPrice": "20000000000",
                    "estimatedGas": 5000000,
                    "totalCost": "100000000000000000"
                },
                {
                    "strategy": "account-balance",
                    "totalCost": "67757780000000000"
                }
            ],
            "data": {
                "sha3": {
                    "contract_address_0xBfbcc071C89840C4C76595DD9550153Aaa5981f6": "0x83c304b9c8953ed059f075b6860a2dae7790c8daac1d9d599c532d21b91ce100",
                    "contract_name_Settings": "0x6bddb7e5d94a344822123a7650e05c5d7e51cab49d726ea53fc4137d8dc62219"
                }
            }
        },
        {
            "order": 8,
            "address": "0x8070CbD8b591C2709597E72613FBBB37f5b8493F",
            "name": "Upgrade",
            "costs": [
                {
                    "strategy": "estimation",
                    "gasPrice": "1000000000",
                    "estimatedGas": 1449677,
                    "totalCost": "1449677000000000"
                },
                {
                    "strategy": "tx-info",
                    "gasPrice": "20000000000",
                    "estimatedGas": 5000000,
                    "totalCost": "100000000000000000"
                },
                {
                    "strategy": "account-balance",
                    "totalCost": "28993540000000000"
                }
            ],
            "data": {
                "sha3": {
                    "contract_address_0x8070CbD8b591C2709597E72613FBBB37f5b8493F": "0x2ba827b0b1c7bd78a6887f7cdf7638275c6a24b18cc0fa1e4ebc2b44fa371181",
                    "contract_name_Upgrade": "0x005e5accdbe6f191b6783f2ec58b0cb091c77cff3bfe85306d1923dbc9897e29"
                }
            }
        },
        {
            "order": 9,
            "address": "0xA3A92e4d0B91C5e6D441005C9340D9350c97425E",
            "name": "Role",
            "costs": [
                {
                    "strategy": "estimation",
                    "gasPrice": "1000000000",
                    "estimatedGas": 2358296,
                    "totalCost": "2358296000000000"
                },
                {
                    "strategy": "tx-info",
                    "gasPrice": "20000000000",
                    "estimatedGas": 5000000,
                    "totalCost": "100000000000000000"
                },
                {
                    "strategy": "account-balance",
                    "totalCost": "47165920000000000"
                }
            ],
            "data": {
                "sha3": {
                    "contract_address_0xA3A92e4d0B91C5e6D441005C9340D9350c97425E": "0xa3b029dcd92a06b9ac0e477434cf5fdb54e1ace87118104ed6f62de03903220f",
                    "contract_name_Role": "0x54b93001e57b9ef0e419bc050818d2d04a57b2128578528c6ac8bdb6f77ccb1a"
                }
            }
        },
        {
            "order": 10,
            "address": "0x8a495eaBce7c1e12efdFe37406d9d7e1c6b14900",
            "name": "Vault",
            "costs": [
                {
                    "strategy": "estimation",
                    "gasPrice": "1000000000",
                    "estimatedGas": 1390167,
                    "totalCost": "1390167000000000"
                },
                {
                    "strategy": "tx-info",
                    "gasPrice": "20000000000",
                    "estimatedGas": 2500000,
                    "totalCost": "50000000000000000"
                },
                {
                    "strategy": "account-balance",
                    "totalCost": "27803340000000000"
                }
            ],
            "data": {
                "sha3": {
                    "contract_address_0x8a495eaBce7c1e12efdFe37406d9d7e1c6b14900": "0x1feb75b1b10152e855c0bd45df9f3258e850914361c1f45618c9b862d92fd44f",
                    "contract_name_Vault": "0x3f9913607c56dd122a5487aa159215123f4ea2a58ab44a706b34f77d3a2d9496"
                }
            }
        },
        {
            "order": 11,
            "address": "0xD649d6b5A6A97d6777d2317030a6680C0f5c7ef0",
            "name": "StablePay",
            "costs": [
                {
                    "strategy": "estimation",
                    "gasPrice": "1000000000",
                    "estimatedGas": 818406,
                    "totalCost": "818406000000000"
                },
                {
                    "strategy": "tx-info",
                    "gasPrice": "20000000000",
                    "estimatedGas": 5000000,
                    "totalCost": "100000000000000000"
                },
                {
                    "strategy": "account-balance",
                    "totalCost": "16368120000000000"
                }
            ],
            "data": {
                "sha3": {
                    "contract_address_0xD649d6b5A6A97d6777d2317030a6680C0f5c7ef0": "0x755648239a152b392663ef8ebe42d7f3bd82e299360f8cf78a6c4db6924e69db",
                    "contract_name_StablePay": "0xd2a7e62852fc1bca1a55b40a7ba61a7c79b39da2d630e857be18ee9c420f9501"
                }
            }
        },
        {
            "order": 12,
            "address": "0xD7BBe88f37C0be6943f236C6a9469d4A23525873",
            "name": "StablePayBase",
            "costs": [
                {
                    "strategy": "estimation",
                    "gasPrice": "1000000000",
                    "estimatedGas": 4583408,
                    "totalCost": "4583408000000000"
                },
                {
                    "strategy": "tx-info",
                    "gasPrice": "20000000000",
                    "estimatedGas": 5000000,
                    "totalCost": "100000000000000000"
                },
                {
                    "strategy": "account-balance",
                    "totalCost": "91668160000000000"
                }
            ],
            "data": {
                "sha3": {
                    "contract_address_0xD7BBe88f37C0be6943f236C6a9469d4A23525873": "0x8ee78722c5c92822be44fa91c74625dfd8fb5c06cf3f10c84ee1305aba7ad8f5",
                    "contract_name_StablePayBase": "0x16960b6938e5910cb45cab545a26d2373f0b00e36c5bbba64276948e36d87bc2"
                }
            }
        },
        {
            "order": 13,
            "address": "0x0330b070eba682bC2A8a3537776B70dE10926856",
            "name": "KyberSwappingProvider",
            "costs": [
                {
                    "strategy": "estimation",
                    "gasPrice": "1000000000",
                    "estimatedGas": 2169823,
                    "totalCost": "2169823000000000"
                },
                {
                    "strategy": "tx-info",
                    "gasPrice": "20000000000",
                    "estimatedGas": 5000000,
                    "totalCost": "100000000000000000"
                },
                {
                    "strategy": "account-balance",
                    "totalCost": "43396460000000000"
                }
            ],
            "data": {
                "sha3": {
                    "contract_address_0x0330b070eba682bC2A8a3537776B70dE10926856": "0xad3bc2c48e46a975222cd30b3b3872e70351ccc839bf07b3179a976bf533c411",
                    "contract_name_KyberSwappingProvider": "0xe507a280aa480a75afe4db41392069b727818782854515a4e0e9bf5e3841d64a"
                }
            }
        }
    ],
    "data": [
        {
            "key": "KyberNetwork_v1",
            "value": "0x4b796265724e6574776f726b5f76310000000000000000000000000000000000"
        },
        {
            "key": "contract.name_owner",
            "value": {
                "sha3": "0x08361c6ba4c5f78735409153b407c08f5f826327e0195533d47a89065efe2de0",
                "ownerAddress": "0x5AA2a57550a393Eef5a2025cc31F00cB7095B464"
            }
        },
        {
            "key": "access.role_owner_0x5AA2a57550a393Eef5a2025cc31F00cB7095B464",
            "value": {
                "sha3": "0xd907380fd730390a8c2ba2dd7794514a93027592dd8a890974d9bbe8e1c6378c",
                "value": true
            }
        },
        {
            "key": "contract.storage.initialised",
            "value": {
                "sha3": "0x1a655af42e38e46646ca444968abc315a08696908ac9b25256e67e1a25f98eb4",
                "value": true
            }
        },
        {
            "key": "config.platform.fee",
            "value": "100"
        },
        {
            "key": "Token_DAI_Kyber_0xaD6D458402F60fD3Bd25163575031ACDce07538D",
            "value": {
                "minAmount": "10000000000000000000",
                "maxAmount": "100000000000000000000"
            }
        }
    ]
}
