{
    "contracts": [
        {
            "order": 1,
            "address": "0xb6218ae94B6814a8CA3EdDD5e4A316EE047772D1",
            "name": "SafeMath",
            "costs": [
                {
                    "strategy": "tx-info",
                    "gasPrice": "4300000000",
                    "estimatedGas": 2500000,
                    "totalCost": "10750000000000000"
                }
            ],
            "data": {
                "sha3": {
                    "contract_address_0xb6218ae94B6814a8CA3EdDD5e4A316EE047772D1": "0xb2ad3ad80840edd9c07665130568e69114f711ebacbd63ea2e723f5b9487e752",
                    "contract_name_SafeMath": "0xdc3793c2c9d813540981c8d5484a8b025e2c045125a97ad05c8c10ba7297f805"
                }
            }
        },
        {
            "order": 2,
            "address": "0x86a85463d0D88e2134068f07f84c7e5615787Dc7",
            "name": "Bytes32ArrayLib",
            "costs": [
                {
                    "strategy": "estimation",
                    "gasPrice": "1000000000",
                    "estimatedGas": 74748,
                    "totalCost": "74748000000000"
                },
                {
                    "strategy": "tx-info",
                    "gasPrice": "4300000000",
                    "estimatedGas": 4000000,
                    "totalCost": "17200000000000000"
                },
                {
                    "strategy": "account-balance",
                    "totalCost": "321416400000000"
                }
            ],
            "data": {
                "sha3": {
                    "contract_address_0x86a85463d0D88e2134068f07f84c7e5615787Dc7": "0x971c350fa45a62401df104765948e98838a6116b401b730a9e859d29b5af4bb8",
                    "contract_name_Bytes32ArrayLib": "0x7df96775469990e143046bba967d7e3e43ddd41a4bbbd6574520e09643dbfcb3"
                }
            }
        },
        {
            "order": 3,
            "address": "0x051463936Aa81aBaef31c8AFA76181ead11499Fd",
            "name": "Storage",
            "costs": [
                {
                    "strategy": "estimation",
                    "gasPrice": "1000000000",
                    "estimatedGas": 3790792,
                    "totalCost": "3790792000000000"
                },
                {
                    "strategy": "tx-info",
                    "gasPrice": "4300000000",
                    "estimatedGas": 4000000,
                    "totalCost": "17200000000000000"
                },
                {
                    "strategy": "account-balance",
                    "totalCost": "16300405600000000"
                }
            ],
            "data": {}
        },
        {
            "order": 4,
            "address": "0xB28929F698B3Ce68D321D1c9a3A6Fe89863CC187",
            "name": "StablePayCommon",
            "costs": [
                {
                    "strategy": "estimation",
                    "gasPrice": "1000000000",
                    "estimatedGas": 68730,
                    "totalCost": "68730000000000"
                },
                {
                    "strategy": "tx-info",
                    "gasPrice": "4300000000",
                    "estimatedGas": 4000000,
                    "totalCost": "17200000000000000"
                },
                {
                    "strategy": "account-balance",
                    "totalCost": "295539000000000"
                }
            ],
            "data": {
                "sha3": {
                    "contract_address_0xB28929F698B3Ce68D321D1c9a3A6Fe89863CC187": "0xba5b36a107e1306936a5663cf98ce33bcf9ba0a1f13dcc037348f6794e9f9c4a",
                    "contract_name_StablePayCommon": "0x1ebf094449b6e227330397b23824f7edd2e0e4be40de9b4ebbde1a858e0bf686"
                }
            }
        },
        {
            "order": 5,
            "address": "0x0d2fD9F27804Aa799aA80c8073AD09472351dd0A",
            "name": "AddressLib",
            "costs": [
                {
                    "strategy": "estimation",
                    "gasPrice": "1000000000",
                    "estimatedGas": 74748,
                    "totalCost": "74748000000000"
                },
                {
                    "strategy": "tx-info",
                    "gasPrice": "4300000000",
                    "estimatedGas": 4000000,
                    "totalCost": "17200000000000000"
                },
                {
                    "strategy": "account-balance",
                    "totalCost": "321416400000000"
                }
            ],
            "data": {
                "sha3": {
                    "contract_address_0x0d2fD9F27804Aa799aA80c8073AD09472351dd0A": "0x33005a8a71029ea913e2b79c991a80252a1e1017164d3dc35c590f2e7d7aaad6",
                    "contract_name_AddressLib": "0xe914a67dfb2550e13e100ec4954bc8537f5e7c612633ef049c716a9b5f4fdd5b"
                }
            }
        },
        {
            "order": 6,
            "address": "0xba329ddcD4e5533Bd7C802aad524aa25f14e11D0",
            "name": "StablePayStorage",
            "costs": [
                {
                    "strategy": "estimation",
                    "gasPrice": "1000000000",
                    "estimatedGas": 2991116,
                    "totalCost": "2991116000000000"
                },
                {
                    "strategy": "tx-info",
                    "gasPrice": "4300000000",
                    "estimatedGas": 4000000,
                    "totalCost": "17200000000000000"
                },
                {
                    "strategy": "account-balance",
                    "totalCost": "12861798800000000"
                }
            ],
            "data": {
                "sha3": {
                    "contract_address_0xba329ddcD4e5533Bd7C802aad524aa25f14e11D0": "0xb03776dda7a253a9409bbe53565dc55789c99b1a3414a49d03f92f5320623127",
                    "contract_name_StablePayStorage": "0x54216e0bfdbaae010d730807db0859789587b2d75b5bc30e41fbcc25e2afa817"
                }
            }
        },
        {
            "order": 7,
            "address": "0x9b2AD72d5037997477537FEf2f3E03032C6206E7",
            "name": "Settings",
            "costs": [
                {
                    "strategy": "estimation",
                    "gasPrice": "1000000000",
                    "estimatedGas": 2917583,
                    "totalCost": "2917583000000000"
                },
                {
                    "strategy": "tx-info",
                    "gasPrice": "4300000000",
                    "estimatedGas": 4000000,
                    "totalCost": "17200000000000000"
                },
                {
                    "strategy": "account-balance",
                    "totalCost": "12545606900000000"
                }
            ],
            "data": {
                "sha3": {
                    "contract_address_0x9b2AD72d5037997477537FEf2f3E03032C6206E7": "0xb8a9bd7fc85a30158751779e77cfe155c3fb01fd1e9b1710edebcecdf1feb4cd",
                    "contract_name_Settings": "0x6bddb7e5d94a344822123a7650e05c5d7e51cab49d726ea53fc4137d8dc62219"
                }
            }
        },
        {
            "order": 8,
            "address": "0x9D958Ead9dF2cb4f8E059bDC577548cd70e244c2",
            "name": "Upgrade",
            "costs": [
                {
                    "strategy": "estimation",
                    "gasPrice": "1000000000",
                    "estimatedGas": 1118437,
                    "totalCost": "1118437000000000"
                },
                {
                    "strategy": "tx-info",
                    "gasPrice": "4300000000",
                    "estimatedGas": 2500000,
                    "totalCost": "10750000000000000"
                },
                {
                    "strategy": "account-balance",
                    "totalCost": "4809279100000000"
                }
            ],
            "data": {
                "sha3": {
                    "contract_address_0x9D958Ead9dF2cb4f8E059bDC577548cd70e244c2": "0x4dc8a3c8f8c24b2d6e1442f43adcb491de08337569abc5caf3bd20e288fbdf04",
                    "contract_name_Upgrade": "0x005e5accdbe6f191b6783f2ec58b0cb091c77cff3bfe85306d1923dbc9897e29"
                }
            }
        },
        {
            "order": 9,
            "address": "0x3e1C83f97AA1F3a4E2E41F7fB0aA56a0ce65Cb6c",
            "name": "Role",
            "costs": [
                {
                    "strategy": "estimation",
                    "gasPrice": "1000000000",
                    "estimatedGas": 1661383,
                    "totalCost": "1661383000000000"
                },
                {
                    "strategy": "tx-info",
                    "gasPrice": "4300000000",
                    "estimatedGas": 4000000,
                    "totalCost": "17200000000000000"
                },
                {
                    "strategy": "account-balance",
                    "totalCost": "7143946900000000"
                }
            ],
            "data": {
                "sha3": {
                    "contract_address_0x3e1C83f97AA1F3a4E2E41F7fB0aA56a0ce65Cb6c": "0x87e6d0753ec633220e22660752616026ec901de05b5742d685e9f47f4502213f",
                    "contract_name_Role": "0x54b93001e57b9ef0e419bc050818d2d04a57b2128578528c6ac8bdb6f77ccb1a"
                }
            }
        },
        {
            "order": 10,
            "address": "0x280275AC9f71aB0887a9e8b34B5B819539AFF0a0",
            "name": "Vault",
            "costs": [
                {
                    "strategy": "estimation",
                    "gasPrice": "1000000000",
                    "estimatedGas": 1037354,
                    "totalCost": "1037354000000000"
                },
                {
                    "strategy": "tx-info",
                    "gasPrice": "4300000000",
                    "estimatedGas": 2500000,
                    "totalCost": "10750000000000000"
                },
                {
                    "strategy": "account-balance",
                    "totalCost": "4460622200000000"
                }
            ],
            "data": {
                "sha3": {
                    "contract_address_0x280275AC9f71aB0887a9e8b34B5B819539AFF0a0": "0xc7160a8812af69bf425fb87c4116b14128c5f345cf65a75354ff83ff378321c2",
                    "contract_name_Vault": "0x3f9913607c56dd122a5487aa159215123f4ea2a58ab44a706b34f77d3a2d9496"
                }
            }
        },
        {
            "order": 11,
            "address": "0x68650e820Ec4E1f43Da83104d8EB0BD5Ea62A533",
            "name": "StablePay",
            "costs": [
                {
                    "strategy": "estimation",
                    "gasPrice": "1000000000",
                    "estimatedGas": 3500731,
                    "totalCost": "3500731000000000"
                },
                {
                    "strategy": "tx-info",
                    "gasPrice": "4300000000",
                    "estimatedGas": 4000000,
                    "totalCost": "17200000000000000"
                },
                {
                    "strategy": "account-balance",
                    "totalCost": "15053143300000000"
                }
            ],
            "data": {
                "sha3": {
                    "contract_address_0x68650e820Ec4E1f43Da83104d8EB0BD5Ea62A533": "0xfff18aaf889957554dca75e4bebdadf544dbdc3d3d2c32ad73e06bc8db34c149",
                    "contract_name_StablePay": "0xd2a7e62852fc1bca1a55b40a7ba61a7c79b39da2d630e857be18ee9c420f9501"
                }
            }
        },
        {
            "order": 12,
            "address": "0x9E4CE4C576D94F18281D437B689E38C9b269d3b5",
            "name": "ZeroxSwappingProvider",
            "costs": [
                {
                    "strategy": "estimation",
                    "gasPrice": "1000000000",
                    "estimatedGas": 1999326,
                    "totalCost": "1999326000000000"
                },
                {
                    "strategy": "tx-info",
                    "gasPrice": "4300000000",
                    "estimatedGas": 2500000,
                    "totalCost": "10750000000000000"
                },
                {
                    "strategy": "account-balance",
                    "totalCost": "8597101800000000"
                }
            ],
            "data": {
                "sha3": {
                    "contract_address_0x9E4CE4C576D94F18281D437B689E38C9b269d3b5": "0x7e1a18b15f3310595bf37cd86f2237faec965da26791e7fd4cf5135a27f17eb3",
                    "contract_name_ZeroxSwappingProvider": "0xbf63462476bb1a1229af0924e8aeb336f708d15959d7a00ec0612126612d5491"
                }
            }
        },
        {
            "order": 13,
            "address": "0x7Be0500F074BF01d24F8Db2d319736EAcF2C2e48",
            "name": "KyberSwappingProvider",
            "costs": [
                {
                    "strategy": "estimation",
                    "gasPrice": "1000000000",
                    "estimatedGas": 1944344,
                    "totalCost": "1944344000000000"
                },
                {
                    "strategy": "tx-info",
                    "gasPrice": "4300000000",
                    "estimatedGas": 4000000,
                    "totalCost": "17200000000000000"
                },
                {
                    "strategy": "account-balance",
                    "totalCost": "8360679200000000"
                }
            ],
            "data": {
                "sha3": {
                    "contract_address_0x7Be0500F074BF01d24F8Db2d319736EAcF2C2e48": "0x413d900912c2b42757c16f3412a0b1e1fe6a6e5e9ae5b4ce67fded058e7c071e",
                    "contract_name_KyberSwappingProvider": "0xe507a280aa480a75afe4db41392069b727818782854515a4e0e9bf5e3841d64a"
                }
            }
        }
    ],
    "data": [
        {
            "key": "0x_v1",
            "value": "0x30785f7631000000000000000000000000000000000000000000000000000000"
        },
        {
            "key": "KyberNetwork_v1",
            "value": "0x4b796265724e6574776f726b5f76310000000000000000000000000000000000"
        },
        {
            "key": "contract.name_owner",
            "value": {
                "sha3": "0x08361c6ba4c5f78735409153b407c08f5f826327e0195533d47a89065efe2de0",
                "ownerAddress": "0x5AA2a57550a393Eef5a2025cc31F00cB7095B464"
            }
        },
        {
            "key": "access.role_owner_0x5AA2a57550a393Eef5a2025cc31F00cB7095B464",
            "value": {
                "sha3": "0xd907380fd730390a8c2ba2dd7794514a93027592dd8a890974d9bbe8e1c6378c",
                "value": true
            }
        },
        {
            "key": "contract.storage.initialised",
            "value": {
                "sha3": "0x1a655af42e38e46646ca444968abc315a08696908ac9b25256e67e1a25f98eb4",
                "value": true
            }
        },
        {
            "key": "config.platform.fee",
            "value": "100"
        },
        {
            "key": "Token_DAI_Kyber_0xaD6D458402F60fD3Bd25163575031ACDce07538D",
            "value": {
                "minAmount": "10000000000000000000",
                "maxAmount": "100000000000000000000"
            }
        }
    ]
}
