{
    "contracts": [
        {
            "order": 1,
            "address": "0x7E48Ff12CD5619145A3284c2db64cFd3A6f15a8f",
            "name": "SafeMath",
            "costs": [
                {
                    "strategy": "tx-info",
                    "gasPrice": "20000000000",
                    "estimatedGas": 2500000,
                    "totalCost": "50000000000000000"
                }
            ],
            "data": {
                "sha3": {
                    "contract_address_0x7E48Ff12CD5619145A3284c2db64cFd3A6f15a8f": "0xefb1da235b4bd16d9dfdcb3f47b2b0443e0a1fb8dcc5880f32dcbfaf1435f61e",
                    "contract_name_SafeMath": "0xdc3793c2c9d813540981c8d5484a8b025e2c045125a97ad05c8c10ba7297f805"
                }
            }
        },
        {
            "order": 2,
            "address": "0xBd65e5021Ac1d919afAf4Aa30702DB2a1469ecBF",
            "name": "Bytes32ArrayLib",
            "costs": [
                {
                    "strategy": "estimation",
                    "gasPrice": "1000000000",
                    "estimatedGas": 74748,
                    "totalCost": "74748000000000"
                },
                {
                    "strategy": "tx-info",
                    "gasPrice": "20000000000",
                    "estimatedGas": 4000000,
                    "totalCost": "80000000000000000"
                },
                {
                    "strategy": "account-balance",
                    "totalCost": "1494960000000000"
                }
            ],
            "data": {
                "sha3": {
                    "contract_address_0xBd65e5021Ac1d919afAf4Aa30702DB2a1469ecBF": "0xf74dd92203a563807bf114caefa672e8e9a22e8e7a11b055b318a89e58b5725e",
                    "contract_name_Bytes32ArrayLib": "0x7df96775469990e143046bba967d7e3e43ddd41a4bbbd6574520e09643dbfcb3"
                }
            }
        },
        {
            "order": 3,
            "address": "0x38Ab9451951851ac28C3Ef82b17AF95dc246Ba9B",
            "name": "Storage",
            "costs": [
                {
                    "strategy": "estimation",
                    "gasPrice": "1000000000",
                    "estimatedGas": 3790792,
                    "totalCost": "3790792000000000"
                },
                {
                    "strategy": "tx-info",
                    "gasPrice": "20000000000",
                    "estimatedGas": 4000000,
                    "totalCost": "80000000000000000"
                },
                {
                    "strategy": "account-balance",
                    "totalCost": "75815840000000000"
                }
            ],
            "data": {}
        },
        {
            "order": 4,
            "address": "0xf281E429f48698C25942ee111C3C5C3e3eD28119",
            "name": "StablePayCommon",
            "costs": [
                {
                    "strategy": "estimation",
                    "gasPrice": "1000000000",
                    "estimatedGas": 68794,
                    "totalCost": "68794000000000"
                },
                {
                    "strategy": "tx-info",
                    "gasPrice": "20000000000",
                    "estimatedGas": 4000000,
                    "totalCost": "80000000000000000"
                },
                {
                    "strategy": "account-balance",
                    "totalCost": "1375880000000000"
                }
            ],
            "data": {
                "sha3": {
                    "contract_address_0xf281E429f48698C25942ee111C3C5C3e3eD28119": "0xf643b3b01a1c3292259c56cb56aba446c056719fe883def5ada5bafa44648a6b",
                    "contract_name_StablePayCommon": "0x1ebf094449b6e227330397b23824f7edd2e0e4be40de9b4ebbde1a858e0bf686"
                }
            }
        },
        {
            "order": 5,
            "address": "0x1C60001465165534fedFcfCC25457dA60f973bd1",
            "name": "AddressLib",
            "costs": [
                {
                    "strategy": "estimation",
                    "gasPrice": "1000000000",
                    "estimatedGas": 74748,
                    "totalCost": "74748000000000"
                },
                {
                    "strategy": "tx-info",
                    "gasPrice": "20000000000",
                    "estimatedGas": 4000000,
                    "totalCost": "80000000000000000"
                },
                {
                    "strategy": "account-balance",
                    "totalCost": "1494960000000000"
                }
            ],
            "data": {
                "sha3": {
                    "contract_address_0x1C60001465165534fedFcfCC25457dA60f973bd1": "0x7439a166f963250a747864d70e7a887720008d0a84b08e625e80d2049719c9a5",
                    "contract_name_AddressLib": "0xe914a67dfb2550e13e100ec4954bc8537f5e7c612633ef049c716a9b5f4fdd5b"
                }
            }
        },
        {
            "order": 6,
            "address": "0x2990C11C4Ce88393342D88bCc7DF5Fb08feC5778",
            "name": "StablePayStorage",
            "costs": [
                {
                    "strategy": "estimation",
                    "gasPrice": "1000000000",
                    "estimatedGas": 3081001,
                    "totalCost": "3081001000000000"
                },
                {
                    "strategy": "tx-info",
                    "gasPrice": "20000000000",
                    "estimatedGas": 4000000,
                    "totalCost": "80000000000000000"
                },
                {
                    "strategy": "account-balance",
                    "totalCost": "61620020000000000"
                }
            ],
            "data": {
                "sha3": {
                    "contract_address_0x2990C11C4Ce88393342D88bCc7DF5Fb08feC5778": "0xa5ac8e7b23e7ed33040b2eb4c742ca13768cb3e30d1b1606e5cdd89be2088a74",
                    "contract_name_StablePayStorage": "0x54216e0bfdbaae010d730807db0859789587b2d75b5bc30e41fbcc25e2afa817"
                }
            }
        },
        {
            "order": 7,
            "address": "0xcEA3533F75aBE706C3203E69560666cFa80f979e",
            "name": "Settings",
            "costs": [
                {
                    "strategy": "estimation",
                    "gasPrice": "1000000000",
                    "estimatedGas": 3091836,
                    "totalCost": "3091836000000000"
                },
                {
                    "strategy": "tx-info",
                    "gasPrice": "20000000000",
                    "estimatedGas": 4000000,
                    "totalCost": "80000000000000000"
                },
                {
                    "strategy": "account-balance",
                    "totalCost": "61836720000000000"
                }
            ],
            "data": {
                "sha3": {
                    "contract_address_0xcEA3533F75aBE706C3203E69560666cFa80f979e": "0x96ca6eff2b342877e74842dc850428a76237fd3896424273b17d91a5883f7eeb",
                    "contract_name_Settings": "0x6bddb7e5d94a344822123a7650e05c5d7e51cab49d726ea53fc4137d8dc62219"
                }
            }
        },
        {
            "order": 8,
            "address": "0xa2962d8b6CAD47f9a8aEb40DC03dc85a373C121f",
            "name": "Upgrade",
            "costs": [
                {
                    "strategy": "estimation",
                    "gasPrice": "1000000000",
                    "estimatedGas": 1153273,
                    "totalCost": "1153273000000000"
                },
                {
                    "strategy": "tx-info",
                    "gasPrice": "20000000000",
                    "estimatedGas": 2500000,
                    "totalCost": "50000000000000000"
                },
                {
                    "strategy": "account-balance",
                    "totalCost": "23065460000000000"
                }
            ],
            "data": {
                "sha3": {
                    "contract_address_0xa2962d8b6CAD47f9a8aEb40DC03dc85a373C121f": "0xaaa1a3bfe249199af18f88e0aea8332c9b1bd0624d99b5a6ac559532f68d035f",
                    "contract_name_Upgrade": "0x005e5accdbe6f191b6783f2ec58b0cb091c77cff3bfe85306d1923dbc9897e29"
                }
            }
        },
        {
            "order": 9,
            "address": "0xAa4CD3A109BE37061fD55c63270a9B213Dff5068",
            "name": "Role",
            "costs": [
                {
                    "strategy": "estimation",
                    "gasPrice": "1000000000",
                    "estimatedGas": 2011756,
                    "totalCost": "2011756000000000"
                },
                {
                    "strategy": "tx-info",
                    "gasPrice": "20000000000",
                    "estimatedGas": 4000000,
                    "totalCost": "80000000000000000"
                },
                {
                    "strategy": "account-balance",
                    "totalCost": "40235120000000000"
                }
            ],
            "data": {
                "sha3": {
                    "contract_address_0xAa4CD3A109BE37061fD55c63270a9B213Dff5068": "0x20d33076ed9789fd7c15a0acbf74d43ce01ef7976190f8b7d823a672351c3751",
                    "contract_name_Role": "0x54b93001e57b9ef0e419bc050818d2d04a57b2128578528c6ac8bdb6f77ccb1a"
                }
            }
        },
        {
            "order": 10,
            "address": "0xe89998AF8405939A6f42C1d61761743d51203bAa",
            "name": "Vault",
            "costs": [
                {
                    "strategy": "estimation",
                    "gasPrice": "1000000000",
                    "estimatedGas": 1107020,
                    "totalCost": "1107020000000000"
                },
                {
                    "strategy": "tx-info",
                    "gasPrice": "20000000000",
                    "estimatedGas": 2500000,
                    "totalCost": "50000000000000000"
                },
                {
                    "strategy": "account-balance",
                    "totalCost": "22140400000000000"
                }
            ],
            "data": {
                "sha3": {
                    "contract_address_0xe89998AF8405939A6f42C1d61761743d51203bAa": "0xdcd9a8befcbeb9c90705cf503600866186057e86bc102a381005cc54c51d2b0e",
                    "contract_name_Vault": "0x3f9913607c56dd122a5487aa159215123f4ea2a58ab44a706b34f77d3a2d9496"
                }
            }
        },
        {
            "order": 11,
            "address": "0xfb930aD64F1d1392DD46320328245E0E05600Fd5",
            "name": "StablePay",
            "costs": [
                {
                    "strategy": "estimation",
                    "gasPrice": "1000000000",
                    "estimatedGas": 3781484,
                    "totalCost": "3781484000000000"
                },
                {
                    "strategy": "tx-info",
                    "gasPrice": "20000000000",
                    "estimatedGas": 4000000,
                    "totalCost": "80000000000000000"
                },
                {
                    "strategy": "account-balance",
                    "totalCost": "75629680000000000"
                }
            ],
            "data": {
                "sha3": {
                    "contract_address_0xfb930aD64F1d1392DD46320328245E0E05600Fd5": "0xfbdaab90aea952be377bedc9d19b0f90eb220412d6d07f17ca4899c8fe2fdf22",
                    "contract_name_StablePay": "0xd2a7e62852fc1bca1a55b40a7ba61a7c79b39da2d630e857be18ee9c420f9501"
                }
            }
        },
        {
            "order": 12,
            "address": "0x62718a7F8C4cD506731495E8f6995F1eAEbE84bd",
            "name": "ZeroxSwappingProvider",
            "costs": [
                {
                    "strategy": "estimation",
                    "gasPrice": "1000000000",
                    "estimatedGas": 1999326,
                    "totalCost": "1999326000000000"
                },
                {
                    "strategy": "tx-info",
                    "gasPrice": "20000000000",
                    "estimatedGas": 2500000,
                    "totalCost": "50000000000000000"
                },
                {
                    "strategy": "account-balance",
                    "totalCost": "39986520000000000"
                }
            ],
            "data": {
                "sha3": {
                    "contract_address_0x62718a7F8C4cD506731495E8f6995F1eAEbE84bd": "0x6bf3b626de2fa7faea573fc743ee5071b6a1b912a474c4d3205a882a0e03e929",
                    "contract_name_ZeroxSwappingProvider": "0xbf63462476bb1a1229af0924e8aeb336f708d15959d7a00ec0612126612d5491"
                }
            }
        },
        {
            "order": 13,
            "address": "0x2015e3428be2634C8cD24AeD53999cC8478C6903",
            "name": "KyberSwappingProvider",
            "costs": [
                {
                    "strategy": "estimation",
                    "gasPrice": "1000000000",
                    "estimatedGas": 1886780,
                    "totalCost": "1886780000000000"
                },
                {
                    "strategy": "tx-info",
                    "gasPrice": "20000000000",
                    "estimatedGas": 4000000,
                    "totalCost": "80000000000000000"
                },
                {
                    "strategy": "account-balance",
                    "totalCost": "37735600000000000"
                }
            ],
            "data": {
                "sha3": {
                    "contract_address_0x2015e3428be2634C8cD24AeD53999cC8478C6903": "0x029b73a994515498f23eada8de9ea53ab408bfda799fba2549de78f64f1bf5f7",
                    "contract_name_KyberSwappingProvider": "0xe507a280aa480a75afe4db41392069b727818782854515a4e0e9bf5e3841d64a"
                }
            }
        }
    ],
    "data": [
        {
            "key": "0x_v1",
            "value": "0x30785f7631000000000000000000000000000000000000000000000000000000"
        },
        {
            "key": "KyberNetwork_v1",
            "value": "0x4b796265724e6574776f726b5f76310000000000000000000000000000000000"
        },
        {
            "key": "contract.name_owner",
            "value": {
                "sha3": "0x08361c6ba4c5f78735409153b407c08f5f826327e0195533d47a89065efe2de0",
                "ownerAddress": "0x5AA2a57550a393Eef5a2025cc31F00cB7095B464"
            }
        },
        {
            "key": "access.role_owner_0x5AA2a57550a393Eef5a2025cc31F00cB7095B464",
            "value": {
                "sha3": "0xd907380fd730390a8c2ba2dd7794514a93027592dd8a890974d9bbe8e1c6378c",
                "value": true
            }
        },
        {
            "key": "contract.storage.initialised",
            "value": {
                "sha3": "0x1a655af42e38e46646ca444968abc315a08696908ac9b25256e67e1a25f98eb4",
                "value": true
            }
        },
        {
            "key": "config.platform.fee",
            "value": "100"
        },
        {
            "key": "Token_DAI_Kyber_0xaD6D458402F60fD3Bd25163575031ACDce07538D",
            "value": {
                "minAmount": "10000000000000000000",
                "maxAmount": "100000000000000000000"
            }
        }
    ]
}
