{
    "contracts": [
        {
            "order": 1,
            "address": "0x9828835739Af7c14D2223F56e7ecC0014194B030",
            "name": "SafeMath",
            "costs": [
                {
                    "strategy": "tx-info",
                    "gasPrice": "4300000000",
                    "estimatedGas": 2500000,
                    "totalCost": "10750000000000000"
                }
            ],
            "data": {
                "sha3": {
                    "contract_address_0x9828835739Af7c14D2223F56e7ecC0014194B030": "0xe337f76d36dc84cf968e65cd8b88143b6f05b82075fabe0f83e7d3f914ffcede",
                    "contract_name_SafeMath": "0xdc3793c2c9d813540981c8d5484a8b025e2c045125a97ad05c8c10ba7297f805"
                }
            }
        },
        {
            "order": 2,
            "address": "0x6c6164233985955Bc35690406Eab1dF0C92e9B44",
            "name": "Bytes32ArrayLib",
            "costs": [
                {
                    "strategy": "estimation",
                    "gasPrice": "200000000",
                    "estimatedGas": 74748,
                    "totalCost": "14949600000000"
                },
                {
                    "strategy": "tx-info",
                    "gasPrice": "4300000000",
                    "estimatedGas": 4000000,
                    "totalCost": "17200000000000000"
                },
                {
                    "strategy": "account-balance",
                    "totalCost": "321416400000000"
                }
            ],
            "data": {
                "sha3": {
                    "contract_address_0x6c6164233985955Bc35690406Eab1dF0C92e9B44": "0xd415bd3a2fccdcdbb1443600e73ac427be9a911bc9df2a4d5e00b6f041f71be9",
                    "contract_name_Bytes32ArrayLib": "0x7df96775469990e143046bba967d7e3e43ddd41a4bbbd6574520e09643dbfcb3"
                }
            }
        },
        {
            "order": 3,
            "address": "0x30FD42FCB89dF98B8cC0B5A7831bD1575a0F16Fa",
            "name": "Storage",
            "costs": [
                {
                    "strategy": "estimation",
                    "gasPrice": "200000000",
                    "estimatedGas": 3790792,
                    "totalCost": "758158400000000"
                },
                {
                    "strategy": "tx-info",
                    "gasPrice": "4300000000",
                    "estimatedGas": 4000000,
                    "totalCost": "17200000000000000"
                },
                {
                    "strategy": "account-balance",
                    "totalCost": "16300405600000000"
                }
            ],
            "data": {}
        },
        {
            "order": 4,
            "address": "0x55b291F2B5249F634318C635253ee2A845F05Ad9",
            "name": "StablePayCommon",
            "costs": [
                {
                    "strategy": "estimation",
                    "gasPrice": "200000000",
                    "estimatedGas": 68730,
                    "totalCost": "13746000000000"
                },
                {
                    "strategy": "tx-info",
                    "gasPrice": "4300000000",
                    "estimatedGas": 4000000,
                    "totalCost": "17200000000000000"
                },
                {
                    "strategy": "account-balance",
                    "totalCost": "295539000000000"
                }
            ],
            "data": {
                "sha3": {
                    "contract_address_0x55b291F2B5249F634318C635253ee2A845F05Ad9": "0xc94ea98012722cd0f07b3b064a7e8f39bc43b8dc8bafcb0eb96533fdf8ca5e05",
                    "contract_name_StablePayCommon": "0x1ebf094449b6e227330397b23824f7edd2e0e4be40de9b4ebbde1a858e0bf686"
                }
            }
        },
        {
            "order": 5,
            "address": "0x6a6c9A2Dd4e71dd3De954383e64Af99C9Eff1921",
            "name": "AddressLib",
            "costs": [
                {
                    "strategy": "estimation",
                    "gasPrice": "200000000",
                    "estimatedGas": 74748,
                    "totalCost": "14949600000000"
                },
                {
                    "strategy": "tx-info",
                    "gasPrice": "4300000000",
                    "estimatedGas": 4000000,
                    "totalCost": "17200000000000000"
                },
                {
                    "strategy": "account-balance",
                    "totalCost": "321416400000000"
                }
            ],
            "data": {
                "sha3": {
                    "contract_address_0x6a6c9A2Dd4e71dd3De954383e64Af99C9Eff1921": "0x3cb7862639cdb68965267743c49235903c100f749ba55a3ce4f70a250c109c29",
                    "contract_name_AddressLib": "0xe914a67dfb2550e13e100ec4954bc8537f5e7c612633ef049c716a9b5f4fdd5b"
                }
            }
        },
        {
            "order": 6,
            "address": "0x56B1C845Dc3FeBf9F727629C36929Aa3B76e9CcA",
            "name": "StablePayStorage",
            "costs": [
                {
                    "strategy": "estimation",
                    "gasPrice": "200000000",
                    "estimatedGas": 2962054,
                    "totalCost": "592410800000000"
                },
                {
                    "strategy": "tx-info",
                    "gasPrice": "4300000000",
                    "estimatedGas": 4000000,
                    "totalCost": "17200000000000000"
                },
                {
                    "strategy": "account-balance",
                    "totalCost": "12736832200000000"
                }
            ],
            "data": {
                "sha3": {
                    "contract_address_0x56B1C845Dc3FeBf9F727629C36929Aa3B76e9CcA": "0x5ee3f6812fb340451131ab98dcadb5b0d535cf9ac3efa896cdc5ec72552cb919",
                    "contract_name_StablePayStorage": "0x54216e0bfdbaae010d730807db0859789587b2d75b5bc30e41fbcc25e2afa817"
                }
            }
        },
        {
            "order": 7,
            "address": "0xd33827e9D8b0401AF9C88c0C7054ee27A94F1BB8",
            "name": "Settings",
            "costs": [
                {
                    "strategy": "estimation",
                    "gasPrice": "200000000",
                    "estimatedGas": 2917583,
                    "totalCost": "583516600000000"
                },
                {
                    "strategy": "tx-info",
                    "gasPrice": "4300000000",
                    "estimatedGas": 4000000,
                    "totalCost": "17200000000000000"
                },
                {
                    "strategy": "account-balance",
                    "totalCost": "12545606900000000"
                }
            ],
            "data": {
                "sha3": {
                    "contract_address_0xd33827e9D8b0401AF9C88c0C7054ee27A94F1BB8": "0xa3fa1365a55cf97155a1dea7280beed290d954293947e8fa3f15148ae8f12b90",
                    "contract_name_Settings": "0x6bddb7e5d94a344822123a7650e05c5d7e51cab49d726ea53fc4137d8dc62219"
                }
            }
        },
        {
            "order": 8,
            "address": "0xe99fE7eB683f80EE6911a21aDFe435C1ce33814D",
            "name": "Upgrade",
            "costs": [
                {
                    "strategy": "estimation",
                    "gasPrice": "200000000",
                    "estimatedGas": 1118437,
                    "totalCost": "223687400000000"
                },
                {
                    "strategy": "tx-info",
                    "gasPrice": "4300000000",
                    "estimatedGas": 2500000,
                    "totalCost": "10750000000000000"
                },
                {
                    "strategy": "account-balance",
                    "totalCost": "4809279100000000"
                }
            ],
            "data": {
                "sha3": {
                    "contract_address_0xe99fE7eB683f80EE6911a21aDFe435C1ce33814D": "0x5fc73c68484770485a98660fe6269063fb62130ad8189b7856aa8ecd117a4c8c",
                    "contract_name_Upgrade": "0x005e5accdbe6f191b6783f2ec58b0cb091c77cff3bfe85306d1923dbc9897e29"
                }
            }
        },
        {
            "order": 9,
            "address": "0x36bEa0be5544d4B800ca75680b89fAb3648b11B9",
            "name": "Role",
            "costs": [
                {
                    "strategy": "estimation",
                    "gasPrice": "200000000",
                    "estimatedGas": 1661383,
                    "totalCost": "332276600000000"
                },
                {
                    "strategy": "tx-info",
                    "gasPrice": "4300000000",
                    "estimatedGas": 4000000,
                    "totalCost": "17200000000000000"
                },
                {
                    "strategy": "account-balance",
                    "totalCost": "7143946900000000"
                }
            ],
            "data": {
                "sha3": {
                    "contract_address_0x36bEa0be5544d4B800ca75680b89fAb3648b11B9": "0x3540c08b24b2a0964f3987f6244f93ba17a7274ece5ec01c1d001131c343df84",
                    "contract_name_Role": "0x54b93001e57b9ef0e419bc050818d2d04a57b2128578528c6ac8bdb6f77ccb1a"
                }
            }
        },
        {
            "order": 10,
            "address": "0x9Af37AD24232A5b56Fd223D352e881a41d309Cb8",
            "name": "Vault",
            "costs": [
                {
                    "strategy": "estimation",
                    "gasPrice": "200000000",
                    "estimatedGas": 1037354,
                    "totalCost": "207470800000000"
                },
                {
                    "strategy": "tx-info",
                    "gasPrice": "4300000000",
                    "estimatedGas": 2500000,
                    "totalCost": "10750000000000000"
                },
                {
                    "strategy": "account-balance",
                    "totalCost": "4460622200000000"
                }
            ],
            "data": {
                "sha3": {
                    "contract_address_0x9Af37AD24232A5b56Fd223D352e881a41d309Cb8": "0x79aa2236affa8c25ba9b9533efc27f1bf023f47a8cbf165d81f9d40940994b1c",
                    "contract_name_Vault": "0x3f9913607c56dd122a5487aa159215123f4ea2a58ab44a706b34f77d3a2d9496"
                }
            }
        },
        {
            "order": 11,
            "address": "0x404333c507d0f60AD8bcCB845A2c9D439d96fb1E",
            "name": "StablePay",
            "costs": [
                {
                    "strategy": "estimation",
                    "gasPrice": "200000000",
                    "estimatedGas": 2914830,
                    "totalCost": "582966000000000"
                },
                {
                    "strategy": "tx-info",
                    "gasPrice": "4300000000",
                    "estimatedGas": 4000000,
                    "totalCost": "17200000000000000"
                },
                {
                    "strategy": "account-balance",
                    "totalCost": "12533769000000000"
                }
            ],
            "data": {
                "sha3": {
                    "contract_address_0x404333c507d0f60AD8bcCB845A2c9D439d96fb1E": "0xdff1a6329981aea43d47d04d9afe5200099644bc26781b4037064c59be74c777",
                    "contract_name_StablePay": "0xd2a7e62852fc1bca1a55b40a7ba61a7c79b39da2d630e857be18ee9c420f9501"
                }
            }
        },
        {
            "order": 12,
            "address": "0x27df411d32D20D1aaA49A854EF0eE44928Bb4546",
            "name": "ZeroxSwappingProvider",
            "costs": [
                {
                    "strategy": "estimation",
                    "gasPrice": "200000000",
                    "estimatedGas": 1993756,
                    "totalCost": "398751200000000"
                },
                {
                    "strategy": "tx-info",
                    "gasPrice": "4300000000",
                    "estimatedGas": 2500000,
                    "totalCost": "10750000000000000"
                },
                {
                    "strategy": "account-balance",
                    "totalCost": "8573150800000000"
                }
            ],
            "data": {
                "sha3": {
                    "contract_address_0x27df411d32D20D1aaA49A854EF0eE44928Bb4546": "0x75e49273cda63df0a31130a30a2f2a276545e61593f29e96a9ef3de972b814ba",
                    "contract_name_ZeroxSwappingProvider": "0xbf63462476bb1a1229af0924e8aeb336f708d15959d7a00ec0612126612d5491"
                }
            }
        },
        {
            "order": 13,
            "address": "0x63B46fDdD6Ddf0d785ECa5Bad5D53ec8210D9Bf3",
            "name": "KyberSwappingProvider",
            "costs": [
                {
                    "strategy": "estimation",
                    "gasPrice": "200000000",
                    "estimatedGas": 1572092,
                    "totalCost": "314418400000000"
                },
                {
                    "strategy": "tx-info",
                    "gasPrice": "4300000000",
                    "estimatedGas": 4000000,
                    "totalCost": "17200000000000000"
                },
                {
                    "strategy": "account-balance",
                    "totalCost": "6759995600000000"
                }
            ],
            "data": {
                "sha3": {
                    "contract_address_0x63B46fDdD6Ddf0d785ECa5Bad5D53ec8210D9Bf3": "0x9268feb9e4894ef7212dee1758fef6d9f7ff3588fa386ac180d0da9c37cfa218",
                    "contract_name_KyberSwappingProvider": "0xe507a280aa480a75afe4db41392069b727818782854515a4e0e9bf5e3841d64a"
                }
            }
        }
    ],
    "data": [
        {
            "key": "0x_v1",
            "value": "0x30785f7631000000000000000000000000000000000000000000000000000000"
        },
        {
            "key": "KyberNetwork_v1",
            "value": "0x4b796265724e6574776f726b5f76310000000000000000000000000000000000"
        },
        {
            "key": "contract.name_owner",
            "value": {
                "sha3": "0x08361c6ba4c5f78735409153b407c08f5f826327e0195533d47a89065efe2de0",
                "ownerAddress": "0x5AA2a57550a393Eef5a2025cc31F00cB7095B464"
            }
        },
        {
            "key": "access.role_owner_0x5AA2a57550a393Eef5a2025cc31F00cB7095B464",
            "value": {
                "sha3": "0xd907380fd730390a8c2ba2dd7794514a93027592dd8a890974d9bbe8e1c6378c",
                "value": true
            }
        },
        {
            "key": "contract.storage.initialised",
            "value": {
                "sha3": "0x1a655af42e38e46646ca444968abc315a08696908ac9b25256e67e1a25f98eb4",
                "value": true
            }
        },
        {
            "key": "config.platform.fee",
            "value": "100"
        },
        {
            "key": "Token_ETH_Kyber_0xeeeeeeeeeeeeeeeeeeeeeeeeeeeeeeeeeeeeeeee",
            "value": {
                "minAmount": 0,
                "maxAmount": 2
            }
        },
        {
            "key": "Token_DAI_Kyber_0xaD6D458402F60fD3Bd25163575031ACDce07538D",
            "value": {
                "minAmount": 10,
                "maxAmount": 100
            }
        }
    ]
}
