{
    "contracts": [
        {
            "order": 1,
            "address": "0x4AB4Aa8DE182a5c2F733F8F43162C7AF25723116",
            "name": "SafeMath",
            "costs": [
                {
                    "strategy": "tx-info",
                    "gasPrice": "20000000000",
                    "estimatedGas": 2500000,
                    "totalCost": "50000000000000000"
                }
            ],
            "data": {
                "sha3": {
                    "contract_address_0x4AB4Aa8DE182a5c2F733F8F43162C7AF25723116": "0x88d95ceeba33b9ff25be8d2774239f1a618e7610bfbb20bda5c8c8e73f063066",
                    "contract_name_SafeMath": "0xdc3793c2c9d813540981c8d5484a8b025e2c045125a97ad05c8c10ba7297f805"
                }
            }
        },
        {
            "order": 2,
            "address": "0xa44aD5Da57A38CEF8e2eED8A8cE687b3Ee4738Be",
            "name": "Bytes32ArrayLib",
            "costs": [
                {
                    "strategy": "estimation",
                    "gasPrice": "1000000000",
                    "estimatedGas": 74748,
                    "totalCost": "74748000000000"
                },
                {
                    "strategy": "tx-info",
                    "gasPrice": "20000000000",
                    "estimatedGas": 5000000,
                    "totalCost": "100000000000000000"
                },
                {
                    "strategy": "account-balance",
                    "totalCost": "1494960000000000"
                }
            ],
            "data": {
                "sha3": {
                    "contract_address_0xa44aD5Da57A38CEF8e2eED8A8cE687b3Ee4738Be": "0xe435f9049094afd28bbd1aee7f7c30ee14c8a532c0f673555034c08b2611c7d8",
                    "contract_name_Bytes32ArrayLib": "0x7df96775469990e143046bba967d7e3e43ddd41a4bbbd6574520e09643dbfcb3"
                }
            }
        },
        {
            "order": 3,
            "address": "0x68de623535fe1e69E186448D5f1395FfD41E8f93",
            "name": "Storage",
            "costs": [
                {
                    "strategy": "estimation",
                    "gasPrice": "1000000000",
                    "estimatedGas": 3790792,
                    "totalCost": "3790792000000000"
                },
                {
                    "strategy": "tx-info",
                    "gasPrice": "20000000000",
                    "estimatedGas": 5000000,
                    "totalCost": "100000000000000000"
                },
                {
                    "strategy": "account-balance",
                    "totalCost": "75815840000000000"
                }
            ],
            "data": {
                "sha3": {
                    "contract_address_0x68de623535fe1e69E186448D5f1395FfD41E8f93": "0x1d96e5380abc7486750625c480ba5dca0729194138768fb27045e7286405bbd9",
                    "contract_name_Storage": "0x6e39123e43811da52917b1beda4ea11f1ed2db73ab056499404648c3ced8af69"
                }
            }
        },
        {
            "order": 4,
            "address": "0xff990B502C01D74d5ED91dF2a67b9f6F81346d91",
            "name": "StablePayCommon",
            "costs": [
                {
                    "strategy": "estimation",
                    "gasPrice": "1000000000",
                    "estimatedGas": 68794,
                    "totalCost": "68794000000000"
                },
                {
                    "strategy": "tx-info",
                    "gasPrice": "20000000000",
                    "estimatedGas": 5000000,
                    "totalCost": "100000000000000000"
                },
                {
                    "strategy": "account-balance",
                    "totalCost": "1375880000000000"
                }
            ],
            "data": {
                "sha3": {
                    "contract_address_0xff990B502C01D74d5ED91dF2a67b9f6F81346d91": "0xf0d3e31d30fc4990108a6359348e275aeffc075a38c771bf2b455e66cc00f588",
                    "contract_name_StablePayCommon": "0x1ebf094449b6e227330397b23824f7edd2e0e4be40de9b4ebbde1a858e0bf686"
                }
            }
        },
        {
            "order": 5,
            "address": "0x627021cfDdD40B891aa38c7fd44e9bfd090B08c7",
            "name": "AddressLib",
            "costs": [
                {
                    "strategy": "estimation",
                    "gasPrice": "1000000000",
                    "estimatedGas": 74748,
                    "totalCost": "74748000000000"
                },
                {
                    "strategy": "tx-info",
                    "gasPrice": "20000000000",
                    "estimatedGas": 5000000,
                    "totalCost": "100000000000000000"
                },
                {
                    "strategy": "account-balance",
                    "totalCost": "1494960000000000"
                }
            ],
            "data": {
                "sha3": {
                    "contract_address_0x627021cfDdD40B891aa38c7fd44e9bfd090B08c7": "0x94208d9a76208b681d5ab2de46a4eb8b61c34bd1e66ba451dd18e7f24b01a69e",
                    "contract_name_AddressLib": "0xe914a67dfb2550e13e100ec4954bc8537f5e7c612633ef049c716a9b5f4fdd5b"
                }
            }
        },
        {
            "order": 6,
            "address": "0x5d7767F5d9021143c22a26d98912aDC6bE7A0e9f",
            "name": "StablePayStorage",
            "costs": [
                {
                    "strategy": "estimation",
                    "gasPrice": "1000000000",
                    "estimatedGas": 3115938,
                    "totalCost": "3115938000000000"
                },
                {
                    "strategy": "tx-info",
                    "gasPrice": "20000000000",
                    "estimatedGas": 5000000,
                    "totalCost": "100000000000000000"
                },
                {
                    "strategy": "account-balance",
                    "totalCost": "62318760000000000"
                }
            ],
            "data": {
                "sha3": {
                    "contract_address_0x5d7767F5d9021143c22a26d98912aDC6bE7A0e9f": "0x1ddc3480b2b512b945e6aefea2783c84a1f07dde50f4184ddb1080532c7aa861",
                    "contract_name_StablePayStorage": "0x54216e0bfdbaae010d730807db0859789587b2d75b5bc30e41fbcc25e2afa817"
                }
            }
        },
        {
            "order": 7,
            "address": "0x970D80749e780D0b39d7b9f856423Bbae37f9912",
            "name": "Settings",
            "costs": [
                {
                    "strategy": "estimation",
                    "gasPrice": "1000000000",
                    "estimatedGas": 3387889,
                    "totalCost": "3387889000000000"
                },
                {
                    "strategy": "tx-info",
                    "gasPrice": "20000000000",
                    "estimatedGas": 5000000,
                    "totalCost": "100000000000000000"
                },
                {
                    "strategy": "account-balance",
                    "totalCost": "67757780000000000"
                }
            ],
            "data": {
                "sha3": {
                    "contract_address_0x970D80749e780D0b39d7b9f856423Bbae37f9912": "0x78174a2f4b623c97a665b1168626565a0c0660509747bff05e1f54881a3e488b",
                    "contract_name_Settings": "0x6bddb7e5d94a344822123a7650e05c5d7e51cab49d726ea53fc4137d8dc62219"
                }
            }
        },
        {
            "order": 8,
            "address": "0xe805ac69e9c63102186d782385FdEFad5BA95F3f",
            "name": "Upgrade",
            "costs": [
                {
                    "strategy": "estimation",
                    "gasPrice": "1000000000",
                    "estimatedGas": 1475833,
                    "totalCost": "1475833000000000"
                },
                {
                    "strategy": "tx-info",
                    "gasPrice": "20000000000",
                    "estimatedGas": 5000000,
                    "totalCost": "100000000000000000"
                },
                {
                    "strategy": "account-balance",
                    "totalCost": "29516660000000000"
                }
            ],
            "data": {
                "sha3": {
                    "contract_address_0xe805ac69e9c63102186d782385FdEFad5BA95F3f": "0xda430f9b8f3f904f7ac807c1abd6d3c0aedaa8fc19542f63a65721574a10dd15",
                    "contract_name_Upgrade": "0x005e5accdbe6f191b6783f2ec58b0cb091c77cff3bfe85306d1923dbc9897e29"
                }
            }
        },
        {
            "order": 9,
            "address": "0xD264Df435375A8365FC40D4caf3a11C2f8082B1D",
            "name": "Role",
            "costs": [
                {
                    "strategy": "estimation",
                    "gasPrice": "1000000000",
                    "estimatedGas": 2515560,
                    "totalCost": "2515560000000000"
                },
                {
                    "strategy": "tx-info",
                    "gasPrice": "20000000000",
                    "estimatedGas": 5000000,
                    "totalCost": "100000000000000000"
                },
                {
                    "strategy": "account-balance",
                    "totalCost": "50311200000000000"
                }
            ],
            "data": {
                "sha3": {
                    "contract_address_0xD264Df435375A8365FC40D4caf3a11C2f8082B1D": "0x88245f1afec555262ba8d134e5755bd3999ae52165e158ebc50ec97329c25ad3",
                    "contract_name_Role": "0x54b93001e57b9ef0e419bc050818d2d04a57b2128578528c6ac8bdb6f77ccb1a"
                }
            }
        },
        {
            "order": 10,
            "address": "0x2850a55fbc7c9Bb2FDf6d27A280D8944AD5EC9f4",
            "name": "Vault",
            "costs": [
                {
                    "strategy": "estimation",
                    "gasPrice": "1000000000",
                    "estimatedGas": 1390435,
                    "totalCost": "1390435000000000"
                },
                {
                    "strategy": "tx-info",
                    "gasPrice": "20000000000",
                    "estimatedGas": 2500000,
                    "totalCost": "50000000000000000"
                },
                {
                    "strategy": "account-balance",
                    "totalCost": "27808700000000000"
                }
            ],
            "data": {
                "sha3": {
                    "contract_address_0x2850a55fbc7c9Bb2FDf6d27A280D8944AD5EC9f4": "0x68a3ed3a88672a6803d2245b586f55e0ebf1d3de813ea7948bcbc09abf735d15",
                    "contract_name_Vault": "0x3f9913607c56dd122a5487aa159215123f4ea2a58ab44a706b34f77d3a2d9496"
                }
            }
        },
        {
            "order": 11,
            "address": "0xa336eE7D97C82E43CE94770fE1B2D3dd184aE50F",
            "name": "StablePay",
            "costs": [
                {
                    "strategy": "estimation",
                    "gasPrice": "1000000000",
                    "estimatedGas": 844632,
                    "totalCost": "844632000000000"
                },
                {
                    "strategy": "tx-info",
                    "gasPrice": "20000000000",
                    "estimatedGas": 5000000,
                    "totalCost": "100000000000000000"
                },
                {
                    "strategy": "account-balance",
                    "totalCost": "16892640000000000"
                }
            ],
            "data": {
                "sha3": {
                    "contract_address_0xa336eE7D97C82E43CE94770fE1B2D3dd184aE50F": "0xedf83d2475da2efde40cc5afeb2e011368164e1509202fc7889f28e00b784b9d",
                    "contract_name_StablePay": "0xd2a7e62852fc1bca1a55b40a7ba61a7c79b39da2d630e857be18ee9c420f9501"
                }
            }
        },
        {
            "order": 12,
            "address": "0xE03Ebd18b212e43f2372e3212B457A9b3d7a7688",
            "name": "StablePayBase",
            "costs": [
                {
                    "strategy": "estimation",
                    "gasPrice": "1000000000",
                    "estimatedGas": 4583408,
                    "totalCost": "4583408000000000"
                },
                {
                    "strategy": "tx-info",
                    "gasPrice": "20000000000",
                    "estimatedGas": 5000000,
                    "totalCost": "100000000000000000"
                },
                {
                    "strategy": "account-balance",
                    "totalCost": "91668160000000000"
                }
            ],
            "data": {
                "sha3": {
                    "contract_address_0xE03Ebd18b212e43f2372e3212B457A9b3d7a7688": "0x98079939d10507494a76b9f36dcb5ceb1a131c6aee1ce58b94f2c2a8ecb37d21",
                    "contract_name_StablePayBase": "0x16960b6938e5910cb45cab545a26d2373f0b00e36c5bbba64276948e36d87bc2"
                }
            }
        },
        {
            "order": 13,
            "address": "0x24B208FD7e696df1D0EcbC59c4c72af16CE8cf90",
            "name": "KyberSwappingProvider",
            "costs": [
                {
                    "strategy": "estimation",
                    "gasPrice": "1000000000",
                    "estimatedGas": 2122129,
                    "totalCost": "2122129000000000"
                },
                {
                    "strategy": "tx-info",
                    "gasPrice": "20000000000",
                    "estimatedGas": 5000000,
                    "totalCost": "100000000000000000"
                },
                {
                    "strategy": "account-balance",
                    "totalCost": "42442580000000000"
                }
            ],
            "data": {
                "sha3": {
                    "contract_address_0x24B208FD7e696df1D0EcbC59c4c72af16CE8cf90": "0x1aba6369566f82ed80ece94770eca2624833b88a4d03a2ce1a26b0927cd5fa2f",
                    "contract_name_KyberSwappingProvider": "0xe507a280aa480a75afe4db41392069b727818782854515a4e0e9bf5e3841d64a"
                }
            }
        },
        {
            "order": 14,
            "address": "0xef931F4E4158fc4Fede2b34453aA45b30dA27D8e",
            "name": "UniswapSwappingProvider",
            "costs": [
                {
                    "strategy": "estimation",
                    "gasPrice": "1000000000",
                    "estimatedGas": 2174774,
                    "totalCost": "2174774000000000"
                },
                {
                    "strategy": "tx-info",
                    "gasPrice": "20000000000",
                    "estimatedGas": 5000000,
                    "totalCost": "100000000000000000"
                },
                {
                    "strategy": "account-balance",
                    "totalCost": "43495480000000000"
                }
            ],
            "data": {
                "sha3": {
                    "contract_address_0xef931F4E4158fc4Fede2b34453aA45b30dA27D8e": "0x95aada114ff5f52f5f216bfd2b019abaf2e94e6cbde2a704f860a66cdbf2663d",
                    "contract_name_UniswapSwappingProvider": "0x890dbd03fecbb101d188eddc4e361040406514092bfc86b205bfaaf2d7a729fb"
                }
            }
        }
    ],
    "data": [
        {
            "key": "KyberNetwork_v1",
            "value": "0x4b796265724e6574776f726b5f76310000000000000000000000000000000000"
        },
        {
            "key": "Uniswap_v1",
            "value": "0x556e69737761705f763100000000000000000000000000000000000000000000"
        },
        {
            "key": "contract.name_owner",
            "value": {
                "sha3": "0x08361c6ba4c5f78735409153b407c08f5f826327e0195533d47a89065efe2de0",
                "ownerAddress": "0x5AA2a57550a393Eef5a2025cc31F00cB7095B464"
            }
        },
        {
            "key": "access.role_owner_0x5AA2a57550a393Eef5a2025cc31F00cB7095B464",
            "value": {
                "sha3": "0xd907380fd730390a8c2ba2dd7794514a93027592dd8a890974d9bbe8e1c6378c",
                "value": true
            }
        },
        {
            "key": "contract.storage.initialised",
            "value": {
                "sha3": "0x1a655af42e38e46646ca444968abc315a08696908ac9b25256e67e1a25f98eb4",
                "value": true
            }
        },
        {
            "key": "config.platform.fee",
            "value": "100"
        },
        {
            "key": "Token_DAI_Kyber_0xaD6D458402F60fD3Bd25163575031ACDce07538D",
            "value": {
                "minAmount": "10000000000000000000",
                "maxAmount": "100000000000000000000"
            }
        }
    ]
}
