{
    "contracts": [
        {
            "order": 1,
            "address": "0x4Afa452667c5F9F22259d3Bd6adb6b3d6166EF1A",
            "name": "Bytes32ArrayLib",
            "costs": [],
            "data": {
                "sha3": {
                    "contract_address_0x4Afa452667c5F9F22259d3Bd6adb6b3d6166EF1A": "0x02bb72f963223ad8ca06be21f7eddf9173b87c66f608f51dba40a3b3278689fa",
                    "contract_name_Bytes32ArrayLib": "0x7df96775469990e143046bba967d7e3e43ddd41a4bbbd6574520e09643dbfcb3"
                }
            }
        },
        {
            "order": 2,
            "address": "0xe36206Aa1597A4CB964F26301f1796315cE13DCF",
            "name": "Storage",
            "costs": [],
            "data": {
                "sha3": {
                    "contract_address_0xe36206Aa1597A4CB964F26301f1796315cE13DCF": "0x8611046e6ef3dd8b585a1bf000c82783129cc26e40430b99c0c3685fb2ade6d6",
                    "contract_name_Storage": "0x6e39123e43811da52917b1beda4ea11f1ed2db73ab056499404648c3ced8af69"
                }
            }
        },
        {
            "order": 3,
            "address": "0x90D8f661990961d943024a5e839c94aA77d2A74E",
            "name": "StablePayCommon",
            "costs": [],
            "data": {
                "sha3": {
                    "contract_address_0x90D8f661990961d943024a5e839c94aA77d2A74E": "0x41fe5457e438f620201e2d3dc736f9e49c17b79adb772a6f48e00fcc2eb2b552",
                    "contract_name_StablePayCommon": "0x1ebf094449b6e227330397b23824f7edd2e0e4be40de9b4ebbde1a858e0bf686"
                }
            }
        },
        {
            "order": 4,
            "address": "0x3FFb4F19838Cf46449A79EE3B82c0Ad2F1F93287",
            "name": "AddressLib",
            "costs": [],
            "data": {
                "sha3": {
                    "contract_address_0x3FFb4F19838Cf46449A79EE3B82c0Ad2F1F93287": "0xe63f4687fc1b5e531acd1174fdf92c1d6c56310dc19ffb1db09f23c88e4c244c",
                    "contract_name_AddressLib": "0xe914a67dfb2550e13e100ec4954bc8537f5e7c612633ef049c716a9b5f4fdd5b"
                }
            }
        },
        {
            "order": 5,
            "address": "0xe4bb84db864aaa50921D10e1108572Bc71509510",
            "name": "StablePayStorage",
            "costs": [],
            "data": {
                "sha3": {
                    "contract_address_0xe4bb84db864aaa50921D10e1108572Bc71509510": "0x70c234c9d815c278cd80524424ff7fad24b381430b66730a23a7218848adc3c7",
                    "contract_name_StablePayStorage": "0x54216e0bfdbaae010d730807db0859789587b2d75b5bc30e41fbcc25e2afa817"
                }
            }
        },
        {
            "order": 6,
            "address": "0x4bAa238D78d5F32AfA207B4AEA7d1E64f12cDE95",
            "name": "Settings",
            "costs": [],
            "data": {
                "sha3": {
                    "contract_address_0x4bAa238D78d5F32AfA207B4AEA7d1E64f12cDE95": "0xf97f3effcbd66953e771437014c05834b15b696c0da1bf10fd86255ae383f88d",
                    "contract_name_Settings": "0x6bddb7e5d94a344822123a7650e05c5d7e51cab49d726ea53fc4137d8dc62219"
                }
            }
        },
        {
            "order": 7,
            "address": "0x2Ca4A15DCD2e8a6d446539FB7Cb73C4f2B69ecf6",
            "name": "Upgrade",
            "costs": [],
            "data": {
                "sha3": {
                    "contract_address_0x2Ca4A15DCD2e8a6d446539FB7Cb73C4f2B69ecf6": "0x31b384c51bf6d89996e16b642bf8edfebe7cf35078052f4be267e96e05a97e40",
                    "contract_name_Upgrade": "0x005e5accdbe6f191b6783f2ec58b0cb091c77cff3bfe85306d1923dbc9897e29"
                }
            }
        },
        {
            "order": 8,
            "address": "0xBe764422454dE91a2Fc99aDec85aD42d4434697E",
            "name": "Role",
            "costs": [],
            "data": {
                "sha3": {
                    "contract_address_0xBe764422454dE91a2Fc99aDec85aD42d4434697E": "0x16ac78c3048921adec88388a8eedcbc91c7edb9790b0de0d5855fe420c48ea4e",
                    "contract_name_Role": "0x54b93001e57b9ef0e419bc050818d2d04a57b2128578528c6ac8bdb6f77ccb1a"
                }
            }
        },
        {
            "order": 9,
            "address": "0xDF109aE7764fE55892f8bEB31C2a3D367673728B",
            "name": "Vault",
            "costs": [],
            "data": {
                "sha3": {
                    "contract_address_0xDF109aE7764fE55892f8bEB31C2a3D367673728B": "0x9059a71834467188fc6d1e390ccfeacc06a83dd2ed99b43515c7e5f36b58eb73",
                    "contract_name_Vault": "0x3f9913607c56dd122a5487aa159215123f4ea2a58ab44a706b34f77d3a2d9496"
                }
            }
        },
        {
            "order": 10,
            "address": "0x511fAf0476C4aC67Ce25D15cE6a5F1D575E55741",
            "name": "Registration",
            "costs": [],
            "data": {
                "sha3": {
                    "contract_address_0x511fAf0476C4aC67Ce25D15cE6a5F1D575E55741": "0xcb810a35b0ae903c8ebab858f1a14be180c1f176b041a9cc939fea8a2443c13d",
                    "contract_name_Registration": "0x1c32bd8a4ac329a93a37f6256417f4f94c6d34087dd0c8a104eedb2f524af066"
                }
            }
        },
        {
            "order": 11,
            "address": "0xFEf6a7dD67cB4D0a743a61d59ceF301eEF88407B",
            "name": "CompoundSettings",
            "costs": [],
            "data": {
                "sha3": {
                    "contract_address_0xFEf6a7dD67cB4D0a743a61d59ceF301eEF88407B": "0x709da5840bab01dc302006fffd3e76a1a26102009d50a92afc94b4c22d47a05f",
                    "contract_name_CompoundSettings": "0x001ceb846be627e0b478b32dea2177ef5f23d1132293d34d053a70b7aff958b3"
                }
            }
        },
        {
            "order": 12,
            "address": "0x0205b22c3101E10e54554aa9799D89cAEcFbb97A",
            "name": "CompoundMintPostAction",
            "costs": [],
            "data": {
                "sha3": {
                    "contract_address_0x0205b22c3101E10e54554aa9799D89cAEcFbb97A": "0x6d19887ae7cc3f3babeb7919a757add63746f1f4797175d3c5d2f909cd8cc6de",
                    "contract_name_CompoundMintPostAction": "0xd73acb45c51e6f0cd38fa12fc1186893867ce6901326141e039272e3ac470773"
                }
            }
        },
        {
            "order": 13,
            "address": "0x99cdAE1a6C453909FCE04165907bC73C06006f11",
            "name": "StablePay",
            "costs": [],
            "data": {
                "sha3": {
                    "contract_address_0x99cdAE1a6C453909FCE04165907bC73C06006f11": "0x9237d728f12d9b095e8103dcf9abb406add9821f7c830e17170ef583ab72d1d6",
                    "contract_name_StablePay": "0xd2a7e62852fc1bca1a55b40a7ba61a7c79b39da2d630e857be18ee9c420f9501"
                }
            }
        },
        {
            "order": 14,
            "address": "0x19dB7219c36d9BB174d1F8FDa5F4320E95bbb81C",
            "name": "StablePayBase",
            "costs": [],
            "data": {
                "sha3": {
                    "contract_address_0x19dB7219c36d9BB174d1F8FDa5F4320E95bbb81C": "0x3a76eda65abbd02f51ab417ab457c1162005f47024e85b36675262db53678a54",
                    "contract_name_StablePayBase": "0x16960b6938e5910cb45cab545a26d2373f0b00e36c5bbba64276948e36d87bc2"
                }
            }
        },
        {
            "order": 15,
            "address": "0x99b7Dd80B4df2D95f45ee23029Be12418e00234E",
            "name": "PostActionRegistry",
            "costs": [],
            "data": {
                "sha3": {
                    "contract_address_0x99b7Dd80B4df2D95f45ee23029Be12418e00234E": "0x50357b184548ce56aff605e8ab410f912dc8ff49380e8157565e6ff175cf36b0",
                    "contract_name_PostActionRegistry": "0x58b2fd9e883b7b93e43cab4d7dae1fc74a4eb42229bb5e3764bae7a9dd19954c"
                }
            }
        },
        {
            "order": 16,
            "address": "0x49152dA83eA1316B84C04Ea2eaD4ABbEC9758103",
            "name": "EtherTransferPostAction",
            "costs": [],
            "data": {
                "sha3": {
                    "contract_address_0x49152dA83eA1316B84C04Ea2eaD4ABbEC9758103": "0xd49a67ca5d6df501fbcedbe759d8013c28ce0ae079508a60080848ec175c9775",
                    "contract_name_EtherTransferPostAction": "0x13682dd6e5cc3b6dd8daae70fa749723acc52317c07dec5a41cfa4c8fbe1945c"
                }
            }
        },
        {
            "order": 17,
            "address": "0x02304eD3B9698e79f974E0f26025cb985acd3AE0",
            "name": "TransferToPostAction",
            "costs": [],
            "data": {
                "sha3": {
                    "contract_address_0x02304eD3B9698e79f974E0f26025cb985acd3AE0": "0x5d7d2528de6fc05227fe7d6d50f412110c75c70382a912b0f146b4d5d89bde87",
                    "contract_name_TransferToPostAction": "0xc38ff2596dd1810ca0ba8dc12d18550ec1a3b00d42fca8e053b4e757c5424d2b"
                }
            }
        },
        {
            "order": 18,
            "address": "0x1B22d391Ff01E73857a8d12dfe8Da03ceeccB8ab",
            "name": "KyberSwappingProvider",
            "costs": [],
            "data": {
                "sha3": {
                    "contract_address_0x1B22d391Ff01E73857a8d12dfe8Da03ceeccB8ab": "0xb4d0ef91e98318bbf2c14756f2b34c8887f86a8eed0c4a45b625da695aa29123",
                    "contract_name_KyberSwappingProvider": "0xe507a280aa480a75afe4db41392069b727818782854515a4e0e9bf5e3841d64a"
                }
            }
        },
        {
            "order": 19,
            "address": "0xB462aa1BF6B471cff37287F2c2f2Cf0Cf0DE22F7",
            "name": "UniswapSwappingProvider",
            "costs": [],
            "data": {
                "sha3": {
                    "contract_address_0xB462aa1BF6B471cff37287F2c2f2Cf0Cf0DE22F7": "0x7823d816799c8975697d28ebd9dfaacca6e9384731a6b1eed4c09a1e2c0522fb",
                    "contract_name_UniswapSwappingProvider": "0x890dbd03fecbb101d188eddc4e361040406514092bfc86b205bfaaf2d7a729fb"
                }
            }
        }
    ],
    "data": [
        {
            "key": "KyberNetwork_v1",
            "value": "0x4b796265724e6574776f726b5f76310000000000000000000000000000000000"
        },
        {
            "key": "Uniswap_v1",
            "value": "0x556e69737761705f763100000000000000000000000000000000000000000000"
        },
        {
            "key": "contract.name_owner",
            "value": {
                "sha3": "0x08361c6ba4c5f78735409153b407c08f5f826327e0195533d47a89065efe2de0",
                "ownerAddress": "0x5AA2a57550a393Eef5a2025cc31F00cB7095B464"
            }
        },
        {
            "key": "access.role_owner_0x5AA2a57550a393Eef5a2025cc31F00cB7095B464",
            "value": {
                "sha3": "0xd907380fd730390a8c2ba2dd7794514a93027592dd8a890974d9bbe8e1c6378c",
                "value": true
            }
        },
        {
            "key": "contract.storage.initialised",
            "value": {
                "sha3": "0x1a655af42e38e46646ca444968abc315a08696908ac9b25256e67e1a25f98eb4",
                "value": true
            }
        },
        {
            "key": "config.platform.fee",
            "value": "0"
        },
        {
            "key": "Token_OMG_Kyber_0x732fBA98dca813C3A630b53a8bFc1d6e87B1db65",
            "value": {
                "minAmount": "1000000000000000000",
                "maxAmount": "5000000000000000000000"
            }
        },
        {
            "key": "Token_DAI_COMPOUND_Kyber_0x5592EC0cfb4dbc12D3aB100b257153436a1f0FEa",
            "value": {
                "minAmount": "1000000000000000000",
                "maxAmount": "5000000000000000000000"
            }
        },
        {
            "key": "Token_SNT_Kyber_0x01DAd357f21BD4fB1D3d8f3B05d1cc151807AA23",
            "value": {
                "minAmount": "1000000000000000000",
                "maxAmount": "5000000000000000000000"
            }
        },
        {
            "key": "Token_WETH_Kyber_0xc778417e063141139fce010982780140aa0cd5ab",
            "value": {
                "minAmount": "100000000000000",
                "maxAmount": "5000000000000000000"
            }
        },
        {
            "key": "Compound_Token_DAI_COMPOUND_CToken_CDAI",
            "value": {
                "token": "0x5592EC0cfb4dbc12D3aB100b257153436a1f0FEa",
                "ctoken": "0x6d7f0754ffeb405d23c51ce938289d4835be3b14"
            }
        }
    ]
}
