{
    "contracts": [
        {
            "order": 1,
            "address": "0xAE8620892d4b035FBf6E8D2aF43316ea8adcE2FA",
            "name": "SafeMath",
            "costs": [
                {
                    "strategy": "tx-info",
                    "gasPrice": "4300000000",
                    "estimatedGas": 2500000,
                    "totalCost": "10750000000000000"
                }
            ],
            "data": {
                "sha3": {
                    "contract_address_0xAE8620892d4b035FBf6E8D2aF43316ea8adcE2FA": "0xfddd62b5b246b9ebf38c290d5125c8c195590b982c9ea8ce3a5acdc8047e230a",
                    "contract_name_SafeMath": "0xdc3793c2c9d813540981c8d5484a8b025e2c045125a97ad05c8c10ba7297f805"
                }
            }
        },
        {
            "order": 2,
            "address": "0x0C0E0E8456d7C9720ce9FBc781AFcCcBcA653932",
            "name": "Bytes32ArrayLib",
            "costs": [
                {
                    "strategy": "estimation",
                    "gasPrice": "1000000000",
                    "estimatedGas": 74748,
                    "totalCost": "74748000000000"
                },
                {
                    "strategy": "tx-info",
                    "gasPrice": "4300000000",
                    "estimatedGas": 4000000,
                    "totalCost": "17200000000000000"
                },
                {
                    "strategy": "account-balance",
                    "totalCost": "321416400000000"
                }
            ],
            "data": {
                "sha3": {
                    "contract_address_0x0C0E0E8456d7C9720ce9FBc781AFcCcBcA653932": "0x59507924a424dd87f2ae05c82d3a4446cb6bc212b0f3b5e13aa29210a4ea9dc9",
                    "contract_name_Bytes32ArrayLib": "0x7df96775469990e143046bba967d7e3e43ddd41a4bbbd6574520e09643dbfcb3"
                }
            }
        },
        {
            "order": 3,
            "address": "0xB9Df096607875f2bEea5abBE9F53aE181734dA27",
            "name": "Storage",
            "costs": [
                {
                    "strategy": "estimation",
                    "gasPrice": "1000000000",
                    "estimatedGas": 3790792,
                    "totalCost": "3790792000000000"
                },
                {
                    "strategy": "tx-info",
                    "gasPrice": "4300000000",
                    "estimatedGas": 4000000,
                    "totalCost": "17200000000000000"
                },
                {
                    "strategy": "account-balance",
                    "totalCost": "16300405600000000"
                }
            ],
            "data": {}
        },
        {
            "order": 4,
            "address": "0x6E846673C134C0d8eDe283775Da12308E32F81f5",
            "name": "StablePayCommon",
            "costs": [
                {
                    "strategy": "estimation",
                    "gasPrice": "1000000000",
                    "estimatedGas": 68730,
                    "totalCost": "68730000000000"
                },
                {
                    "strategy": "tx-info",
                    "gasPrice": "4300000000",
                    "estimatedGas": 4000000,
                    "totalCost": "17200000000000000"
                },
                {
                    "strategy": "account-balance",
                    "totalCost": "295539000000000"
                }
            ],
            "data": {
                "sha3": {
                    "contract_address_0x6E846673C134C0d8eDe283775Da12308E32F81f5": "0xeb127c4672003fcfaf0007ba69504876cdf9414a50709a5b87f72ce9c3823fa6",
                    "contract_name_StablePayCommon": "0x1ebf094449b6e227330397b23824f7edd2e0e4be40de9b4ebbde1a858e0bf686"
                }
            }
        },
        {
            "order": 5,
            "address": "0xe60Ed88B5E457D2ecAE278cDE199F74A4A25182e",
            "name": "AddressLib",
            "costs": [
                {
                    "strategy": "estimation",
                    "gasPrice": "1000000000",
                    "estimatedGas": 74748,
                    "totalCost": "74748000000000"
                },
                {
                    "strategy": "tx-info",
                    "gasPrice": "4300000000",
                    "estimatedGas": 4000000,
                    "totalCost": "17200000000000000"
                },
                {
                    "strategy": "account-balance",
                    "totalCost": "321416400000000"
                }
            ],
            "data": {
                "sha3": {
                    "contract_address_0xe60Ed88B5E457D2ecAE278cDE199F74A4A25182e": "0x4c34001684ffa8d1e7104de8c7fe85b4c6a0a84d9de8a04e55a03ba26bfb65b8",
                    "contract_name_AddressLib": "0xe914a67dfb2550e13e100ec4954bc8537f5e7c612633ef049c716a9b5f4fdd5b"
                }
            }
        },
        {
            "order": 6,
            "address": "0x052360B162214468148bB31333c657F1a3BFd545",
            "name": "StablePayStorage",
            "costs": [
                {
                    "strategy": "estimation",
                    "gasPrice": "1000000000",
                    "estimatedGas": 2991180,
                    "totalCost": "2991180000000000"
                },
                {
                    "strategy": "tx-info",
                    "gasPrice": "4300000000",
                    "estimatedGas": 4000000,
                    "totalCost": "17200000000000000"
                },
                {
                    "strategy": "account-balance",
                    "totalCost": "12862074000000000"
                }
            ],
            "data": {
                "sha3": {
                    "contract_address_0x052360B162214468148bB31333c657F1a3BFd545": "0xa4ae1e3ebc07284f8368a01d2d3ea357153e53a492f31a355e7f8027b3e3b159",
                    "contract_name_StablePayStorage": "0x54216e0bfdbaae010d730807db0859789587b2d75b5bc30e41fbcc25e2afa817"
                }
            }
        },
        {
            "order": 7,
            "address": "0xee519BB9E95284F489dd41Fa4F5939eB3E1eE270",
            "name": "Settings",
            "costs": [
                {
                    "strategy": "estimation",
                    "gasPrice": "1000000000",
                    "estimatedGas": 2917583,
                    "totalCost": "2917583000000000"
                },
                {
                    "strategy": "tx-info",
                    "gasPrice": "4300000000",
                    "estimatedGas": 4000000,
                    "totalCost": "17200000000000000"
                },
                {
                    "strategy": "account-balance",
                    "totalCost": "12545606900000000"
                }
            ],
            "data": {
                "sha3": {
                    "contract_address_0xee519BB9E95284F489dd41Fa4F5939eB3E1eE270": "0x382b6ac4b678b1b50ef9c7cdfbe1ab3f25f66f74caabd659b0567191fa38e32a",
                    "contract_name_Settings": "0x6bddb7e5d94a344822123a7650e05c5d7e51cab49d726ea53fc4137d8dc62219"
                }
            }
        },
        {
            "order": 8,
            "address": "0xe4ca48e6463249fa834fC2f6971994A917CBEd7F",
            "name": "Upgrade",
            "costs": [
                {
                    "strategy": "estimation",
                    "gasPrice": "1000000000",
                    "estimatedGas": 1118437,
                    "totalCost": "1118437000000000"
                },
                {
                    "strategy": "tx-info",
                    "gasPrice": "4300000000",
                    "estimatedGas": 2500000,
                    "totalCost": "10750000000000000"
                },
                {
                    "strategy": "account-balance",
                    "totalCost": "4809279100000000"
                }
            ],
            "data": {
                "sha3": {
                    "contract_address_0xe4ca48e6463249fa834fC2f6971994A917CBEd7F": "0x9612b699c71f96b8775c28140a1475fd668b2a6216cfc8ffb49440e6c852272c",
                    "contract_name_Upgrade": "0x005e5accdbe6f191b6783f2ec58b0cb091c77cff3bfe85306d1923dbc9897e29"
                }
            }
        },
        {
            "order": 9,
            "address": "0x3e1cf1f75245DDe3CcF1bfE4B3517872B255E414",
            "name": "Role",
            "costs": [
                {
                    "strategy": "estimation",
                    "gasPrice": "1000000000",
                    "estimatedGas": 1661383,
                    "totalCost": "1661383000000000"
                },
                {
                    "strategy": "tx-info",
                    "gasPrice": "4300000000",
                    "estimatedGas": 4000000,
                    "totalCost": "17200000000000000"
                },
                {
                    "strategy": "account-balance",
                    "totalCost": "7143946900000000"
                }
            ],
            "data": {
                "sha3": {
                    "contract_address_0x3e1cf1f75245DDe3CcF1bfE4B3517872B255E414": "0xf6e0c62a97d8cfadd2bb84445eb68bbb802bf15cf25f738cf31a00f30aa42704",
                    "contract_name_Role": "0x54b93001e57b9ef0e419bc050818d2d04a57b2128578528c6ac8bdb6f77ccb1a"
                }
            }
        },
        {
            "order": 10,
            "address": "0x047045e7e62792D21c53cacD63fB6EA38188aa28",
            "name": "Vault",
            "costs": [
                {
                    "strategy": "estimation",
                    "gasPrice": "1000000000",
                    "estimatedGas": 1037354,
                    "totalCost": "1037354000000000"
                },
                {
                    "strategy": "tx-info",
                    "gasPrice": "4300000000",
                    "estimatedGas": 2500000,
                    "totalCost": "10750000000000000"
                },
                {
                    "strategy": "account-balance",
                    "totalCost": "4460622200000000"
                }
            ],
            "data": {
                "sha3": {
                    "contract_address_0x047045e7e62792D21c53cacD63fB6EA38188aa28": "0x093f87060b25eb787ca98d510f9484bcdcd65d0e0bfdb2f0b505f4acc70c5c81",
                    "contract_name_Vault": "0x3f9913607c56dd122a5487aa159215123f4ea2a58ab44a706b34f77d3a2d9496"
                }
            }
        },
        {
            "order": 11,
            "address": "0x7Ac25A71CEa3A09da668fCE8D0201428F93b4cd1",
            "name": "StablePay",
            "costs": [
                {
                    "strategy": "estimation",
                    "gasPrice": "1000000000",
                    "estimatedGas": 3750308,
                    "totalCost": "3750308000000000"
                },
                {
                    "strategy": "tx-info",
                    "gasPrice": "4300000000",
                    "estimatedGas": 4000000,
                    "totalCost": "17200000000000000"
                },
                {
                    "strategy": "account-balance",
                    "totalCost": "16126324400000000"
                }
            ],
            "data": {
                "sha3": {
                    "contract_address_0x7Ac25A71CEa3A09da668fCE8D0201428F93b4cd1": "0x4c5275ae0b3532a7cd327ba93e725009ed8ac300e289c7a3d9b590b11f77ae3d",
                    "contract_name_StablePay": "0xd2a7e62852fc1bca1a55b40a7ba61a7c79b39da2d630e857be18ee9c420f9501"
                }
            }
        },
        {
            "order": 12,
            "address": "0x0d8CCdf0EC92C771d04A655B4D44C41a9F4b8C2F",
            "name": "ZeroxSwappingProvider",
            "costs": [
                {
                    "strategy": "estimation",
                    "gasPrice": "1000000000",
                    "estimatedGas": 1999326,
                    "totalCost": "1999326000000000"
                },
                {
                    "strategy": "tx-info",
                    "gasPrice": "4300000000",
                    "estimatedGas": 2500000,
                    "totalCost": "10750000000000000"
                },
                {
                    "strategy": "account-balance",
                    "totalCost": "8597101800000000"
                }
            ],
            "data": {
                "sha3": {
                    "contract_address_0x0d8CCdf0EC92C771d04A655B4D44C41a9F4b8C2F": "0x0850e3c7d030317dfca5602ab586f68f5ae6e4f46ca4e66ca4b36929e69f747c",
                    "contract_name_ZeroxSwappingProvider": "0xbf63462476bb1a1229af0924e8aeb336f708d15959d7a00ec0612126612d5491"
                }
            }
        },
        {
            "order": 13,
            "address": "0xe51dCb0eed21b5AF2305BBd3bB133e90e3681c02",
            "name": "KyberSwappingProvider",
            "costs": [
                {
                    "strategy": "estimation",
                    "gasPrice": "1000000000",
                    "estimatedGas": 1634734,
                    "totalCost": "1634734000000000"
                },
                {
                    "strategy": "tx-info",
                    "gasPrice": "4300000000",
                    "estimatedGas": 4000000,
                    "totalCost": "17200000000000000"
                },
                {
                    "strategy": "account-balance",
                    "totalCost": "7029356200000000"
                }
            ],
            "data": {
                "sha3": {
                    "contract_address_0xe51dCb0eed21b5AF2305BBd3bB133e90e3681c02": "0xd8917c5ecace87c8f73943a713509d49c3cfda0f2beb2aee10ba80f0a7722a6d",
                    "contract_name_KyberSwappingProvider": "0xe507a280aa480a75afe4db41392069b727818782854515a4e0e9bf5e3841d64a"
                }
            }
        }
    ],
    "data": [
        {
            "key": "0x_v1",
            "value": "0x30785f7631000000000000000000000000000000000000000000000000000000"
        },
        {
            "key": "KyberNetwork_v1",
            "value": "0x4b796265724e6574776f726b5f76310000000000000000000000000000000000"
        },
        {
            "key": "contract.name_owner",
            "value": {
                "sha3": "0x08361c6ba4c5f78735409153b407c08f5f826327e0195533d47a89065efe2de0",
                "ownerAddress": "0x5AA2a57550a393Eef5a2025cc31F00cB7095B464"
            }
        },
        {
            "key": "access.role_owner_0x5AA2a57550a393Eef5a2025cc31F00cB7095B464",
            "value": {
                "sha3": "0xd907380fd730390a8c2ba2dd7794514a93027592dd8a890974d9bbe8e1c6378c",
                "value": true
            }
        },
        {
            "key": "contract.storage.initialised",
            "value": {
                "sha3": "0x1a655af42e38e46646ca444968abc315a08696908ac9b25256e67e1a25f98eb4",
                "value": true
            }
        },
        {
            "key": "config.platform.fee",
            "value": "100"
        },
        {
            "key": "Token_DAI_Kyber_0xaD6D458402F60fD3Bd25163575031ACDce07538D",
            "value": {
                "minAmount": "10000000000000000000",
                "maxAmount": "100000000000000000000"
            }
        }
    ]
}
