{
    "contracts": [
        {
            "order": 1,
            "address": "0x75D234aaa65b7D63DD97b78e4F1E63989BA45Ef3",
            "name": "SafeMath",
            "costs": [
                {
                    "strategy": "tx-info",
                    "gasPrice": "20000000000",
                    "estimatedGas": 2500000,
                    "totalCost": "50000000000000000"
                }
            ],
            "data": {
                "sha3": {
                    "contract_address_0x75D234aaa65b7D63DD97b78e4F1E63989BA45Ef3": "0xa5e8e64f7fc88a716d864c54ed821470ce85e83aef2f41fa9e1c7cfa6eb373ad",
                    "contract_name_SafeMath": "0xdc3793c2c9d813540981c8d5484a8b025e2c045125a97ad05c8c10ba7297f805"
                }
            }
        },
        {
            "order": 2,
            "address": "0xd6f2400afd60d90654067ac920E636A7e6702229",
            "name": "Bytes32ArrayLib",
            "costs": [
                {
                    "strategy": "estimation",
                    "gasPrice": "1000000000",
                    "estimatedGas": 74748,
                    "totalCost": "74748000000000"
                },
                {
                    "strategy": "tx-info",
                    "gasPrice": "20000000000",
                    "estimatedGas": 4500000,
                    "totalCost": "90000000000000000"
                },
                {
                    "strategy": "account-balance",
                    "totalCost": "1494960000000000"
                }
            ],
            "data": {
                "sha3": {
                    "contract_address_0xd6f2400afd60d90654067ac920E636A7e6702229": "0x8fa4fdeec3731b4fe19b8c1b7a90395d2b732ef4192aab0b2270a247d08daf27",
                    "contract_name_Bytes32ArrayLib": "0x7df96775469990e143046bba967d7e3e43ddd41a4bbbd6574520e09643dbfcb3"
                }
            }
        },
        {
            "order": 3,
            "address": "0xFf403F5eD11f3e363A5A1D154462984b4Ed6f8da",
            "name": "Storage",
            "costs": [
                {
                    "strategy": "estimation",
                    "gasPrice": "1000000000",
                    "estimatedGas": 3790792,
                    "totalCost": "3790792000000000"
                },
                {
                    "strategy": "tx-info",
                    "gasPrice": "20000000000",
                    "estimatedGas": 4500000,
                    "totalCost": "90000000000000000"
                },
                {
                    "strategy": "account-balance",
                    "totalCost": "75815840000000000"
                }
            ],
            "data": {
                "sha3": {
                    "contract_address_0xFf403F5eD11f3e363A5A1D154462984b4Ed6f8da": "0x3b0253e514bfa5013109a495efe4bf24d4ac99e9c644ecfe020418fe00a27f11",
                    "contract_name_Storage": "0x6e39123e43811da52917b1beda4ea11f1ed2db73ab056499404648c3ced8af69"
                }
            }
        },
        {
            "order": 4,
            "address": "0xe588aE4128e593bE17d4c87DE5a879fBfe467d33",
            "name": "StablePayCommon",
            "costs": [
                {
                    "strategy": "estimation",
                    "gasPrice": "1000000000",
                    "estimatedGas": 68794,
                    "totalCost": "68794000000000"
                },
                {
                    "strategy": "tx-info",
                    "gasPrice": "20000000000",
                    "estimatedGas": 4500000,
                    "totalCost": "90000000000000000"
                },
                {
                    "strategy": "account-balance",
                    "totalCost": "1375880000000000"
                }
            ],
            "data": {
                "sha3": {
                    "contract_address_0xe588aE4128e593bE17d4c87DE5a879fBfe467d33": "0x41be3f1931f3cf3bcab4e499cb9f848e1372b640993d04b036b8c79ff610b602",
                    "contract_name_StablePayCommon": "0x1ebf094449b6e227330397b23824f7edd2e0e4be40de9b4ebbde1a858e0bf686"
                }
            }
        },
        {
            "order": 5,
            "address": "0x9aa2b974CAF440AFc7c30f4ce47D7dCA5093db00",
            "name": "AddressLib",
            "costs": [
                {
                    "strategy": "estimation",
                    "gasPrice": "1000000000",
                    "estimatedGas": 74748,
                    "totalCost": "74748000000000"
                },
                {
                    "strategy": "tx-info",
                    "gasPrice": "20000000000",
                    "estimatedGas": 4500000,
                    "totalCost": "90000000000000000"
                },
                {
                    "strategy": "account-balance",
                    "totalCost": "1494960000000000"
                }
            ],
            "data": {
                "sha3": {
                    "contract_address_0x9aa2b974CAF440AFc7c30f4ce47D7dCA5093db00": "0x1686ca41b2a4aeafb5aca5bdc4fd93b7cc9473fe49e2e0e3556d07093ca73538",
                    "contract_name_AddressLib": "0xe914a67dfb2550e13e100ec4954bc8537f5e7c612633ef049c716a9b5f4fdd5b"
                }
            }
        },
        {
            "order": 6,
            "address": "0x2612E8AF9861Ba3687818A823fb30D3c3f05Dbe6",
            "name": "StablePayStorage",
            "costs": [
                {
                    "strategy": "estimation",
                    "gasPrice": "1000000000",
                    "estimatedGas": 3081001,
                    "totalCost": "3081001000000000"
                },
                {
                    "strategy": "tx-info",
                    "gasPrice": "20000000000",
                    "estimatedGas": 4500000,
                    "totalCost": "90000000000000000"
                },
                {
                    "strategy": "account-balance",
                    "totalCost": "61620020000000000"
                }
            ],
            "data": {
                "sha3": {
                    "contract_address_0x2612E8AF9861Ba3687818A823fb30D3c3f05Dbe6": "0x79011855b221eb3ee5c66c75ea71a937a8d6561d4ebb33bb41a87057a4dff494",
                    "contract_name_StablePayStorage": "0x54216e0bfdbaae010d730807db0859789587b2d75b5bc30e41fbcc25e2afa817"
                }
            }
        },
        {
            "order": 7,
            "address": "0x6B9fD65072309f1695Bce777DB4297fb1dE28cc9",
            "name": "Settings",
            "costs": [
                {
                    "strategy": "estimation",
                    "gasPrice": "1000000000",
                    "estimatedGas": 3091836,
                    "totalCost": "3091836000000000"
                },
                {
                    "strategy": "tx-info",
                    "gasPrice": "20000000000",
                    "estimatedGas": 4500000,
                    "totalCost": "90000000000000000"
                },
                {
                    "strategy": "account-balance",
                    "totalCost": "61836720000000000"
                }
            ],
            "data": {
                "sha3": {
                    "contract_address_0x6B9fD65072309f1695Bce777DB4297fb1dE28cc9": "0x8f4f69dea3455e303e85cf8491cf70c5f4b1fac5609b3af1106a1deb53b84ffc",
                    "contract_name_Settings": "0x6bddb7e5d94a344822123a7650e05c5d7e51cab49d726ea53fc4137d8dc62219"
                }
            }
        },
        {
            "order": 8,
            "address": "0xa56B5dC0b474d37A68baa4449b25dFF6C1bDA389",
            "name": "Upgrade",
            "costs": [
                {
                    "strategy": "estimation",
                    "gasPrice": "1000000000",
                    "estimatedGas": 1153273,
                    "totalCost": "1153273000000000"
                },
                {
                    "strategy": "tx-info",
                    "gasPrice": "20000000000",
                    "estimatedGas": 2500000,
                    "totalCost": "50000000000000000"
                },
                {
                    "strategy": "account-balance",
                    "totalCost": "23065460000000000"
                }
            ],
            "data": {
                "sha3": {
                    "contract_address_0xa56B5dC0b474d37A68baa4449b25dFF6C1bDA389": "0x61673234c96fceab00f9e37b6ab0cbfe8d60a327984ad401b4d42629122330bc",
                    "contract_name_Upgrade": "0x005e5accdbe6f191b6783f2ec58b0cb091c77cff3bfe85306d1923dbc9897e29"
                }
            }
        },
        {
            "order": 9,
            "address": "0x5f49A470A5BFB5fEc25542a103aaf11Eb5C947c6",
            "name": "Role",
            "costs": [
                {
                    "strategy": "estimation",
                    "gasPrice": "1000000000",
                    "estimatedGas": 2011756,
                    "totalCost": "2011756000000000"
                },
                {
                    "strategy": "tx-info",
                    "gasPrice": "20000000000",
                    "estimatedGas": 4500000,
                    "totalCost": "90000000000000000"
                },
                {
                    "strategy": "account-balance",
                    "totalCost": "40235120000000000"
                }
            ],
            "data": {
                "sha3": {
                    "contract_address_0x5f49A470A5BFB5fEc25542a103aaf11Eb5C947c6": "0xdf06bc0f3bbc7a1959714381e1760d542755a8452e61485353ddea3893c18233",
                    "contract_name_Role": "0x54b93001e57b9ef0e419bc050818d2d04a57b2128578528c6ac8bdb6f77ccb1a"
                }
            }
        },
        {
            "order": 10,
            "address": "0x440D35eE59Bf202e1456C0f98CbA0fe02cf93Cdb",
            "name": "Vault",
            "costs": [
                {
                    "strategy": "estimation",
                    "gasPrice": "1000000000",
                    "estimatedGas": 1107020,
                    "totalCost": "1107020000000000"
                },
                {
                    "strategy": "tx-info",
                    "gasPrice": "20000000000",
                    "estimatedGas": 2500000,
                    "totalCost": "50000000000000000"
                },
                {
                    "strategy": "account-balance",
                    "totalCost": "22140400000000000"
                }
            ],
            "data": {
                "sha3": {
                    "contract_address_0x440D35eE59Bf202e1456C0f98CbA0fe02cf93Cdb": "0x0d28056d0f20a61d6850d4f6ff4559c89fd0bcf9f531a0b62ac0bcecb54265e9",
                    "contract_name_Vault": "0x3f9913607c56dd122a5487aa159215123f4ea2a58ab44a706b34f77d3a2d9496"
                }
            }
        },
        {
            "order": 11,
            "address": "0x139c4D3C214b9d3C59e89a4D9A1d8DC9b6d42B90",
            "name": "StablePayProxy",
            "costs": [
                {
                    "strategy": "estimation",
                    "gasPrice": "1000000000",
                    "estimatedGas": 817894,
                    "totalCost": "817894000000000"
                },
                {
                    "strategy": "tx-info",
                    "gasPrice": "20000000000",
                    "estimatedGas": 4500000,
                    "totalCost": "90000000000000000"
                },
                {
                    "strategy": "account-balance",
                    "totalCost": "16357880000000000"
                }
            ],
            "data": {
                "sha3": {
                    "contract_address_0x139c4D3C214b9d3C59e89a4D9A1d8DC9b6d42B90": "0x781786d757a955c938e88161c119758689566d48d14792fd58b6f71cfaab57c6",
                    "contract_name_StablePayProxy": "0x47d6186e43eb0b60c7324e9b19753c11fc617571cb3095ea420ccffa5c6dbd84"
                }
            }
        },
        {
            "order": 12,
            "address": "0x056a5d04dF585e9dfAc88e0b544066a988C214d2",
            "name": "StablePay",
            "costs": [
                {
                    "strategy": "estimation",
                    "gasPrice": "1000000000",
                    "estimatedGas": 3916888,
                    "totalCost": "3916888000000000"
                },
                {
                    "strategy": "tx-info",
                    "gasPrice": "20000000000",
                    "estimatedGas": 4500000,
                    "totalCost": "90000000000000000"
                },
                {
                    "strategy": "account-balance",
                    "totalCost": "78337760000000000"
                }
            ],
            "data": {
                "sha3": {
                    "contract_address_0x056a5d04dF585e9dfAc88e0b544066a988C214d2": "0x05512d1fbf98c6f88086ea4a609ba275a68e842f23650f45abfad3299fa433c4",
                    "contract_name_StablePay": "0xd2a7e62852fc1bca1a55b40a7ba61a7c79b39da2d630e857be18ee9c420f9501"
                }
            }
        },
        {
            "order": 13,
            "address": "0x5Ce55BDaEcb72BD936763a255c06C5055c41a821",
            "name": "KyberSwappingProvider",
            "costs": [
                {
                    "strategy": "estimation",
                    "gasPrice": "1000000000",
                    "estimatedGas": 1886780,
                    "totalCost": "1886780000000000"
                },
                {
                    "strategy": "tx-info",
                    "gasPrice": "20000000000",
                    "estimatedGas": 4500000,
                    "totalCost": "90000000000000000"
                },
                {
                    "strategy": "account-balance",
                    "totalCost": "37735600000000000"
                }
            ],
            "data": {
                "sha3": {
                    "contract_address_0x5Ce55BDaEcb72BD936763a255c06C5055c41a821": "0x51669caac4955f959945445e096fdd163accb49cab47314ae565c5d8568b4b0f",
                    "contract_name_KyberSwappingProvider": "0xe507a280aa480a75afe4db41392069b727818782854515a4e0e9bf5e3841d64a"
                }
            }
        }
    ],
    "data": [
        {
            "key": "KyberNetwork_v1",
            "value": "0x4b796265724e6574776f726b5f76310000000000000000000000000000000000"
        },
        {
            "key": "contract.name_owner",
            "value": {
                "sha3": "0x08361c6ba4c5f78735409153b407c08f5f826327e0195533d47a89065efe2de0",
                "ownerAddress": "0x5AA2a57550a393Eef5a2025cc31F00cB7095B464"
            }
        },
        {
            "key": "access.role_owner_0x5AA2a57550a393Eef5a2025cc31F00cB7095B464",
            "value": {
                "sha3": "0xd907380fd730390a8c2ba2dd7794514a93027592dd8a890974d9bbe8e1c6378c",
                "value": true
            }
        },
        {
            "key": "contract.storage.initialised",
            "value": {
                "sha3": "0x1a655af42e38e46646ca444968abc315a08696908ac9b25256e67e1a25f98eb4",
                "value": true
            }
        },
        {
            "key": "config.platform.fee",
            "value": "100"
        },
        {
            "key": "Token_DAI_Kyber_0xaD6D458402F60fD3Bd25163575031ACDce07538D",
            "value": {
                "minAmount": "10000000000000000000",
                "maxAmount": "100000000000000000000"
            }
        }
    ]
}
